-- phpMyAdmin SQL Dump
-- version 5.1.0
-- https://www.phpmyadmin.net/
--
-- Host: 127.0.0.1
-- Generation Time: Mar 01, 2024 at 06:20 PM
-- Server version: 10.4.19-MariaDB
-- PHP Version: 7.4.19

SET SQL_MODE = "NO_AUTO_VALUE_ON_ZERO";
START TRANSACTION;
SET time_zone = "+00:00";


/*!40101 SET @OLD_CHARACTER_SET_CLIENT=@@CHARACTER_SET_CLIENT */;
/*!40101 SET @OLD_CHARACTER_SET_RESULTS=@@CHARACTER_SET_RESULTS */;
/*!40101 SET @OLD_COLLATION_CONNECTION=@@COLLATION_CONNECTION */;
/*!40101 SET NAMES utf8mb4 */;

--
-- Database: `dwcpekps`
--

-- --------------------------------------------------------

--
-- Table structure for table `checkcon`
--

CREATE TABLE `checkcon` (
  `idCheckCon` int(11) NOT NULL,
  `continuousHoliday` varchar(50) COLLATE utf8_unicode_ci NOT NULL
) ENGINE=InnoDB DEFAULT CHARSET=utf8 COLLATE=utf8_unicode_ci;

--
-- Dumping data for table `checkcon`
--

INSERT INTO `checkcon` (`idCheckCon`, `continuousHoliday`) VALUES
(0, 'no'),
(1, 'yes');

-- --------------------------------------------------------

--
-- Table structure for table `checkrest`
--

CREATE TABLE `checkrest` (
  `idCheckRest` int(11) NOT NULL,
  `checkHoliday` varchar(50) COLLATE utf8_unicode_ci NOT NULL
) ENGINE=InnoDB DEFAULT CHARSET=utf8 COLLATE=utf8_unicode_ci;

--
-- Dumping data for table `checkrest`
--

INSERT INTO `checkrest` (`idCheckRest`, `checkHoliday`) VALUES
(0, 'not holiday'),
(1, 'holiday');

-- --------------------------------------------------------

--
-- Table structure for table `date`
--

CREATE TABLE `date` (
  `idDate` int(11) NOT NULL,
  `date` date NOT NULL,
  `idNoWeek` int(11) NOT NULL,
  `idName` int(11) DEFAULT NULL,
  `idCheckCon` int(11) NOT NULL,
  `idDay` int(11) NOT NULL,
  `idCheckRest` int(11) NOT NULL,
  `idType` int(11) NOT NULL
) ENGINE=InnoDB DEFAULT CHARSET=utf8 COLLATE=utf8_unicode_ci;

--
-- Dumping data for table `date`
--

INSERT INTO `date` (`idDate`, `date`, `idNoWeek`, `idName`, `idCheckCon`, `idDay`, `idCheckRest`, `idType`) VALUES
(1, '2020-01-01', 1, 1, 1, 4, 1, 3),
(2, '2020-01-02', 1, 0, 0, 5, 0, 2),
(3, '2020-01-03', 1, 0, 0, 6, 0, 2),
(4, '2020-01-04', 1, 0, 0, 7, 1, 1),
(5, '2020-01-05', 1, 0, 0, 1, 1, 1),
(6, '2020-01-06', 1, 0, 0, 2, 0, 2),
(7, '2020-01-07', 1, 0, 0, 3, 0, 2),
(8, '2020-01-08', 2, 0, 0, 4, 0, 2),
(9, '2020-01-09', 2, 0, 0, 5, 0, 2),
(10, '2020-01-10', 2, 0, 0, 6, 0, 2),
(11, '2020-01-11', 2, 0, 0, 7, 1, 1),
(12, '2020-01-12', 2, 0, 0, 1, 1, 1),
(13, '2020-01-13', 2, 0, 0, 2, 0, 2),
(14, '2020-01-14', 2, 0, 0, 3, 0, 2),
(15, '2020-01-15', 3, 0, 0, 4, 0, 2),
(16, '2020-01-16', 3, 0, 0, 5, 0, 2),
(17, '2020-01-17', 3, 0, 0, 6, 0, 2),
(18, '2020-01-18', 3, 0, 0, 7, 1, 1),
(19, '2020-01-19', 3, 0, 0, 1, 1, 1),
(20, '2020-01-20', 3, 0, 0, 2, 0, 2),
(21, '2020-01-21', 3, 0, 0, 3, 0, 2),
(22, '2020-01-22', 4, 0, 0, 4, 0, 2),
(23, '2020-01-23', 4, 0, 0, 5, 0, 2),
(24, '2020-01-24', 4, 0, 0, 6, 0, 2),
(25, '2020-01-25', 4, 0, 0, 7, 1, 1),
(26, '2020-01-26', 4, 0, 0, 1, 1, 1),
(27, '2020-01-27', 4, 0, 0, 2, 0, 2),
(28, '2020-01-28', 4, 0, 0, 3, 0, 2),
(29, '2020-01-29', 5, 0, 0, 4, 0, 2),
(30, '2020-01-30', 5, 0, 0, 5, 0, 2),
(31, '2020-01-31', 5, 0, 0, 6, 0, 2),
(32, '2020-02-01', 5, 0, 0, 7, 1, 1),
(33, '2020-02-02', 5, 0, 0, 1, 1, 1),
(34, '2020-02-03', 5, 0, 0, 2, 0, 2),
(35, '2020-02-04', 5, 0, 0, 3, 0, 2),
(36, '2020-02-05', 6, 0, 0, 4, 0, 2),
(37, '2020-02-06', 6, 0, 0, 5, 0, 2),
(38, '2020-02-07', 6, 0, 0, 6, 0, 2),
(39, '2020-02-08', 6, 2, 1, 7, 1, 3),
(40, '2020-02-09', 6, 0, 1, 1, 1, 1),
(41, '2020-02-10', 6, 19, 1, 2, 1, 3),
(42, '2020-02-11', 6, 0, 0, 3, 0, 2),
(43, '2020-02-12', 7, 0, 0, 4, 0, 2),
(44, '2020-02-13', 7, 0, 0, 5, 0, 2),
(45, '2020-02-14', 7, 0, 0, 6, 0, 2),
(46, '2020-02-15', 7, 0, 0, 7, 1, 1),
(47, '2020-02-16', 7, 0, 0, 1, 1, 1),
(48, '2020-02-17', 7, 0, 0, 2, 0, 2),
(49, '2020-02-18', 7, 0, 0, 3, 0, 2),
(50, '2020-02-19', 8, 0, 0, 4, 0, 2),
(51, '2020-02-20', 8, 0, 0, 5, 0, 2),
(52, '2020-02-21', 8, 0, 0, 6, 0, 2),
(53, '2020-02-22', 8, 0, 0, 7, 1, 1),
(54, '2020-02-23', 8, 0, 0, 1, 1, 1),
(55, '2020-02-24', 8, 0, 0, 2, 0, 2),
(56, '2020-02-25', 8, 0, 0, 3, 0, 2),
(57, '2020-02-26', 9, 0, 0, 4, 0, 2),
(58, '2020-02-27', 9, 0, 0, 5, 0, 2),
(59, '2020-02-28', 9, 0, 0, 6, 0, 2),
(60, '2020-02-29', 9, 0, 0, 7, 1, 1),
(61, '2020-03-01', 9, 0, 0, 1, 1, 1),
(62, '2020-03-02', 9, 0, 0, 2, 0, 2),
(63, '2020-03-03', 9, 0, 0, 3, 0, 2),
(64, '2020-03-04', 10, 0, 0, 4, 0, 2),
(65, '2020-03-05', 10, 0, 0, 5, 0, 2),
(66, '2020-03-06', 10, 0, 0, 6, 0, 2),
(67, '2020-03-07', 10, 0, 0, 7, 1, 1),
(68, '2020-03-08', 10, 0, 0, 1, 1, 1),
(69, '2020-03-09', 10, 0, 0, 2, 0, 2),
(70, '2020-03-10', 10, 0, 0, 3, 0, 2),
(71, '2020-03-11', 11, 0, 0, 4, 0, 2),
(72, '2020-03-12', 11, 0, 0, 5, 0, 2),
(73, '2020-03-13', 11, 0, 0, 6, 0, 2),
(74, '2020-03-14', 11, 0, 0, 7, 1, 1),
(75, '2020-03-15', 11, 0, 0, 1, 1, 1),
(76, '2020-03-16', 11, 0, 0, 2, 0, 2),
(77, '2020-03-17', 11, 0, 0, 3, 0, 2),
(78, '2020-03-18', 12, 0, 0, 4, 0, 2),
(79, '2020-03-19', 12, 0, 0, 5, 0, 2),
(80, '2020-03-20', 12, 0, 0, 6, 0, 2),
(81, '2020-03-21', 12, 0, 0, 7, 1, 1),
(82, '2020-03-22', 12, 0, 0, 1, 1, 1),
(83, '2020-03-23', 12, 0, 0, 2, 0, 2),
(84, '2020-03-24', 12, 0, 0, 3, 0, 2),
(85, '2020-03-25', 13, 0, 0, 4, 0, 2),
(86, '2020-03-26', 13, 0, 0, 5, 0, 2),
(87, '2020-03-27', 13, 0, 0, 6, 0, 2),
(88, '2020-03-28', 13, 0, 0, 7, 1, 1),
(89, '2020-03-29', 13, 0, 0, 1, 1, 1),
(90, '2020-03-30', 13, 0, 0, 2, 0, 2),
(91, '2020-03-31', 13, 0, 0, 3, 0, 2),
(92, '2020-04-01', 14, 0, 0, 4, 0, 2),
(93, '2020-04-02', 14, 0, 0, 5, 0, 2),
(94, '2020-04-03', 14, 0, 0, 6, 0, 2),
(95, '2020-04-04', 14, 0, 0, 7, 1, 1),
(96, '2020-04-05', 14, 0, 0, 1, 1, 1),
(97, '2020-04-06', 14, 3, 0, 2, 1, 3),
(98, '2020-04-07', 14, 0, 0, 3, 0, 2),
(99, '2020-04-08', 15, 0, 0, 4, 0, 2),
(100, '2020-04-09', 15, 0, 0, 5, 0, 2),
(101, '2020-04-10', 15, 0, 0, 6, 0, 2),
(102, '2020-04-11', 15, 0, 1, 7, 1, 1),
(103, '2020-04-12', 15, 0, 1, 1, 1, 1),
(104, '2020-04-13', 15, 11, 1, 2, 1, 3),
(105, '2020-04-14', 15, 11, 1, 3, 1, 3),
(106, '2020-04-15', 16, 11, 1, 4, 1, 3),
(107, '2020-04-16', 16, 0, 0, 5, 0, 2),
(108, '2020-04-17', 16, 0, 0, 6, 0, 2),
(109, '2020-04-18', 16, 0, 0, 7, 1, 1),
(110, '2020-04-19', 16, 0, 0, 1, 1, 1),
(111, '2020-04-20', 16, 0, 0, 2, 0, 2),
(112, '2020-04-21', 16, 0, 0, 3, 0, 2),
(113, '2020-04-22', 17, 0, 0, 4, 0, 2),
(114, '2020-04-23', 17, 0, 0, 5, 0, 2),
(115, '2020-04-24', 17, 0, 0, 6, 0, 2),
(116, '2020-04-25', 17, 0, 0, 7, 1, 1),
(117, '2020-04-26', 17, 0, 0, 1, 1, 1),
(118, '2020-04-27', 17, 0, 0, 2, 0, 2),
(119, '2020-04-28', 17, 0, 0, 3, 0, 2),
(120, '2020-04-29', 18, 0, 0, 4, 0, 2),
(121, '2020-04-30', 18, 0, 0, 5, 0, 2),
(122, '2020-05-01', 18, 4, 0, 6, 1, 3),
(123, '2020-05-02', 18, 0, 1, 7, 1, 1),
(124, '2020-05-03', 18, 0, 1, 1, 1, 1),
(125, '2020-05-04', 18, 5, 1, 2, 1, 3),
(126, '2020-05-05', 18, 0, 0, 3, 0, 2),
(127, '2020-05-06', 19, 6, 0, 4, 1, 3),
(128, '2020-05-07', 19, 0, 0, 5, 0, 2),
(129, '2020-05-08', 19, 0, 0, 6, 0, 2),
(130, '2020-05-09', 19, 0, 0, 7, 1, 1),
(131, '2020-05-10', 19, 0, 0, 1, 1, 1),
(132, '2020-05-11', 19, 7, 0, 2, 1, 3),
(133, '2020-05-12', 19, 0, 0, 3, 0, 2),
(134, '2020-05-13', 20, 0, 0, 4, 0, 2),
(135, '2020-05-14', 20, 0, 0, 5, 0, 2),
(136, '2020-05-15', 20, 0, 0, 6, 0, 2),
(137, '2020-05-16', 20, 0, 0, 7, 1, 1),
(138, '2020-05-17', 20, 0, 0, 1, 1, 1),
(139, '2020-05-18', 20, 0, 0, 2, 0, 2),
(140, '2020-05-19', 20, 0, 0, 3, 0, 2),
(141, '2020-05-20', 21, 0, 0, 4, 0, 2),
(142, '2020-05-21', 21, 0, 0, 5, 0, 2),
(143, '2020-05-22', 21, 0, 0, 6, 0, 2),
(144, '2020-05-23', 21, 0, 0, 7, 1, 1),
(145, '2020-05-24', 21, 0, 0, 1, 1, 1),
(146, '2020-05-25', 21, 0, 0, 2, 0, 2),
(147, '2020-05-26', 21, 0, 0, 3, 0, 2),
(148, '2020-05-27', 22, 0, 0, 4, 0, 2),
(149, '2020-05-28', 22, 0, 0, 5, 0, 2),
(150, '2020-05-29', 22, 0, 0, 6, 0, 2),
(151, '2020-05-30', 22, 0, 0, 7, 1, 1),
(152, '2020-05-31', 22, 0, 0, 1, 1, 1),
(153, '2020-06-01', 22, 0, 0, 2, 0, 2),
(154, '2020-06-02', 22, 0, 0, 3, 0, 2),
(155, '2020-06-03', 23, 8, 0, 4, 1, 3),
(156, '2020-06-04', 23, 0, 0, 5, 0, 2),
(157, '2020-06-05', 23, 0, 0, 6, 0, 2),
(158, '2020-06-06', 23, 0, 0, 7, 1, 1),
(159, '2020-06-07', 23, 0, 0, 1, 1, 1),
(160, '2020-06-08', 23, 0, 0, 2, 0, 2),
(161, '2020-06-09', 23, 0, 0, 3, 0, 2),
(162, '2020-06-10', 24, 0, 0, 4, 0, 2),
(163, '2020-06-11', 24, 0, 0, 5, 0, 2),
(164, '2020-06-12', 24, 0, 0, 6, 0, 2),
(165, '2020-06-13', 24, 0, 0, 7, 1, 1),
(166, '2020-06-14', 24, 0, 0, 1, 1, 1),
(167, '2020-06-15', 24, 0, 0, 2, 0, 2),
(168, '2020-06-16', 24, 0, 0, 3, 0, 2),
(169, '2020-06-17', 25, 0, 0, 4, 0, 2),
(170, '2020-06-18', 25, 0, 0, 5, 0, 2),
(171, '2020-06-19', 25, 0, 0, 6, 0, 2),
(172, '2020-06-20', 25, 0, 0, 7, 1, 1),
(173, '2020-06-21', 25, 0, 0, 1, 1, 1),
(174, '2020-06-22', 25, 0, 0, 2, 0, 2),
(175, '2020-06-23', 25, 0, 0, 3, 0, 2),
(176, '2020-06-24', 26, 0, 0, 4, 0, 2),
(177, '2020-06-25', 26, 0, 0, 5, 0, 2),
(178, '2020-06-26', 26, 0, 0, 6, 0, 2),
(179, '2020-06-27', 26, 0, 0, 7, 1, 1),
(180, '2020-06-28', 26, 0, 0, 1, 1, 1),
(181, '2020-06-29', 26, 0, 0, 2, 0, 2),
(182, '2020-06-30', 26, 0, 0, 3, 0, 2),
(183, '2020-07-01', 27, 0, 0, 4, 0, 2),
(184, '2020-07-02', 27, 0, 0, 5, 0, 2),
(185, '2020-07-03', 27, 0, 0, 6, 0, 2),
(186, '2020-07-04', 27, 0, 1, 7, 1, 1),
(187, '2020-07-05', 27, 9, 1, 1, 1, 3),
(188, '2020-07-06', 27, 10, 1, 2, 1, 3),
(189, '2020-07-07', 27, 19, 1, 3, 1, 3),
(190, '2020-07-08', 28, 0, 0, 4, 0, 2),
(191, '2020-07-09', 28, 0, 0, 5, 0, 2),
(192, '2020-07-10', 28, 0, 0, 6, 0, 2),
(193, '2020-07-11', 28, 0, 0, 7, 1, 1),
(194, '2020-07-12', 28, 0, 0, 1, 1, 1),
(195, '2020-07-13', 28, 0, 0, 2, 0, 2),
(196, '2020-07-14', 28, 0, 0, 3, 0, 2),
(197, '2020-07-15', 29, 0, 0, 4, 0, 2),
(198, '2020-07-16', 29, 0, 0, 5, 0, 2),
(199, '2020-07-17', 29, 0, 0, 6, 0, 2),
(200, '2020-07-18', 29, 0, 0, 7, 1, 1),
(201, '2020-07-19', 29, 0, 0, 1, 1, 1),
(202, '2020-07-20', 29, 0, 0, 2, 0, 2),
(203, '2020-07-21', 29, 0, 0, 3, 0, 2),
(204, '2020-07-22', 30, 0, 0, 4, 0, 2),
(205, '2020-07-23', 30, 0, 0, 5, 0, 2),
(206, '2020-07-24', 30, 0, 0, 6, 0, 2),
(207, '2020-07-25', 30, 0, 0, 7, 1, 1),
(208, '2020-07-26', 30, 0, 0, 1, 1, 1),
(209, '2020-07-27', 30, 0, 0, 2, 0, 2),
(210, '2020-07-28', 30, 12, 0, 3, 1, 3),
(211, '2020-07-29', 31, 0, 0, 4, 0, 2),
(212, '2020-07-30', 31, 0, 0, 5, 0, 2),
(213, '2020-07-31', 31, 0, 0, 6, 0, 2),
(214, '2020-08-01', 31, 0, 0, 7, 1, 1),
(215, '2020-08-02', 31, 0, 0, 1, 1, 1),
(216, '2020-08-03', 31, 0, 0, 2, 0, 2),
(217, '2020-08-04', 31, 0, 0, 3, 0, 2),
(218, '2020-08-05', 32, 0, 0, 4, 0, 2),
(219, '2020-08-06', 32, 0, 0, 5, 0, 2),
(220, '2020-08-07', 32, 0, 0, 6, 0, 2),
(221, '2020-08-08', 32, 0, 0, 7, 1, 1),
(222, '2020-08-09', 32, 0, 0, 1, 1, 1),
(223, '2020-08-10', 32, 0, 0, 2, 0, 2),
(224, '2020-08-11', 32, 0, 0, 3, 0, 2),
(225, '2020-08-12', 33, 13, 0, 4, 1, 3),
(226, '2020-08-13', 33, 0, 0, 5, 0, 2),
(227, '2020-08-14', 33, 0, 0, 6, 0, 2),
(228, '2020-08-15', 33, 0, 0, 7, 1, 1),
(229, '2020-08-16', 33, 0, 0, 1, 1, 1),
(230, '2020-08-17', 33, 0, 0, 2, 0, 2),
(231, '2020-08-18', 33, 0, 0, 3, 0, 2),
(232, '2020-08-19', 34, 0, 0, 4, 0, 2),
(233, '2020-08-20', 34, 0, 0, 5, 0, 2),
(234, '2020-08-21', 34, 0, 0, 6, 0, 2),
(235, '2020-08-22', 34, 0, 0, 7, 1, 1),
(236, '2020-08-23', 34, 0, 0, 1, 1, 1),
(237, '2020-08-24', 34, 0, 0, 2, 0, 2),
(238, '2020-08-25', 34, 0, 0, 3, 0, 2),
(239, '2020-08-26', 35, 0, 0, 4, 0, 2),
(240, '2020-08-27', 35, 0, 0, 5, 0, 2),
(241, '2020-08-28', 35, 0, 0, 6, 0, 2),
(242, '2020-08-29', 35, 0, 0, 7, 1, 1),
(243, '2020-08-30', 35, 0, 0, 1, 1, 1),
(244, '2020-08-31', 35, 0, 0, 2, 0, 2),
(245, '2020-09-01', 35, 0, 0, 3, 0, 2),
(246, '2020-09-02', 36, 0, 0, 4, 0, 2),
(247, '2020-09-03', 36, 0, 0, 5, 0, 2),
(248, '2020-09-04', 36, 19, 1, 6, 1, 3),
(249, '2020-09-05', 36, 0, 1, 7, 1, 1),
(250, '2020-09-06', 36, 0, 1, 1, 1, 1),
(251, '2020-09-07', 36, 19, 1, 2, 1, 3),
(252, '2020-09-08', 36, 0, 0, 3, 0, 2),
(253, '2020-09-09', 37, 0, 0, 4, 0, 2),
(254, '2020-09-10', 37, 0, 0, 5, 0, 2),
(255, '2020-09-11', 37, 0, 0, 6, 0, 2),
(256, '2020-09-12', 37, 0, 0, 7, 1, 1),
(257, '2020-09-13', 37, 0, 0, 1, 1, 1),
(258, '2020-09-14', 37, 0, 0, 2, 0, 2),
(259, '2020-09-15', 37, 0, 0, 3, 0, 2),
(260, '2020-09-16', 38, 0, 0, 4, 0, 2),
(261, '2020-09-17', 38, 0, 0, 5, 0, 2),
(262, '2020-09-18', 38, 0, 0, 6, 0, 2),
(263, '2020-09-19', 38, 0, 0, 7, 1, 1),
(264, '2020-09-20', 38, 0, 0, 1, 1, 1),
(265, '2020-09-21', 38, 0, 0, 2, 0, 2),
(266, '2020-09-22', 38, 0, 0, 3, 0, 2),
(267, '2020-09-23', 39, 0, 0, 4, 0, 2),
(268, '2020-09-24', 39, 0, 0, 5, 0, 2),
(269, '2020-09-25', 39, 0, 0, 6, 0, 2),
(270, '2020-09-26', 39, 0, 0, 7, 1, 1),
(271, '2020-09-27', 39, 0, 0, 1, 1, 1),
(272, '2020-09-28', 39, 0, 0, 2, 0, 2),
(273, '2020-09-29', 39, 0, 0, 3, 0, 2),
(274, '2020-09-30', 40, 0, 0, 4, 0, 2),
(275, '2020-10-01', 40, 0, 0, 5, 0, 2),
(276, '2020-10-02', 40, 21, 1, 6, 1, 3),
(277, '2020-10-03', 40, 0, 1, 7, 1, 1),
(278, '2020-10-04', 40, 0, 1, 1, 1, 1),
(279, '2020-10-05', 40, 0, 0, 2, 0, 2),
(280, '2020-10-06', 40, 0, 0, 3, 0, 2),
(281, '2020-10-07', 41, 0, 0, 4, 0, 2),
(282, '2020-10-08', 41, 0, 0, 5, 0, 2),
(283, '2020-10-09', 41, 0, 0, 6, 0, 2),
(284, '2020-10-10', 41, 0, 0, 7, 1, 1),
(285, '2020-10-11', 41, 0, 0, 1, 1, 1),
(286, '2020-10-12', 41, 0, 0, 2, 0, 2),
(287, '2020-10-13', 41, 14, 0, 3, 1, 3),
(288, '2020-10-14', 42, 0, 0, 4, 0, 2),
(289, '2020-10-15', 42, 0, 0, 5, 0, 2),
(290, '2020-10-16', 42, 0, 0, 6, 0, 2),
(291, '2020-10-17', 42, 0, 0, 7, 1, 1),
(292, '2020-10-18', 42, 0, 0, 1, 1, 1),
(293, '2020-10-19', 42, 0, 0, 2, 0, 2),
(294, '2020-10-20', 42, 0, 0, 3, 0, 2),
(295, '2020-10-21', 43, 0, 0, 4, 0, 2),
(296, '2020-10-22', 43, 0, 0, 5, 0, 2),
(297, '2020-10-23', 43, 15, 1, 6, 1, 3),
(298, '2020-10-24', 43, 0, 1, 7, 1, 1),
(299, '2020-10-25', 43, 0, 1, 1, 1, 1),
(300, '2020-10-26', 43, 0, 0, 2, 0, 2),
(301, '2020-10-27', 43, 0, 0, 3, 0, 2),
(302, '2020-10-28', 44, 0, 0, 4, 0, 2),
(303, '2020-10-29', 44, 0, 0, 5, 0, 2),
(304, '2020-10-30', 44, 0, 0, 6, 0, 2),
(305, '2020-10-31', 44, 0, 0, 7, 1, 1),
(306, '2020-11-01', 44, 0, 0, 1, 1, 1),
(307, '2020-11-02', 44, 0, 0, 2, 0, 2),
(308, '2020-11-03', 44, 0, 0, 3, 0, 2),
(309, '2020-11-04', 45, 0, 0, 4, 0, 2),
(310, '2020-11-05', 45, 0, 0, 5, 0, 2),
(311, '2020-11-06', 45, 0, 0, 6, 0, 2),
(312, '2020-11-07', 45, 0, 0, 7, 1, 1),
(313, '2020-11-08', 45, 0, 0, 1, 1, 1),
(314, '2020-11-09', 45, 0, 0, 2, 0, 2),
(315, '2020-11-10', 45, 0, 0, 3, 0, 2),
(316, '2020-11-11', 46, 0, 0, 4, 0, 2),
(317, '2020-11-12', 46, 0, 0, 5, 0, 2),
(318, '2020-11-13', 46, 0, 0, 6, 0, 2),
(319, '2020-11-14', 46, 0, 0, 7, 1, 1),
(320, '2020-11-15', 46, 0, 0, 1, 1, 1),
(321, '2020-11-16', 46, 0, 0, 2, 0, 2),
(322, '2020-11-17', 46, 0, 0, 3, 0, 2),
(323, '2020-11-18', 47, 0, 0, 4, 0, 2),
(324, '2020-11-19', 47, 16, 1, 5, 1, 3),
(325, '2020-11-20', 47, 16, 1, 6, 1, 3),
(326, '2020-11-21', 47, 0, 1, 7, 1, 1),
(327, '2020-11-22', 47, 0, 1, 1, 1, 1),
(328, '2020-11-23', 47, 0, 0, 2, 0, 2),
(329, '2020-11-24', 47, 0, 0, 3, 0, 2),
(330, '2020-11-25', 48, 0, 0, 4, 0, 2),
(331, '2020-11-26', 48, 0, 0, 5, 0, 2),
(332, '2020-11-27', 48, 0, 0, 6, 0, 2),
(333, '2020-11-28', 48, 0, 0, 7, 1, 1),
(334, '2020-11-29', 48, 0, 0, 1, 1, 1),
(335, '2020-11-30', 48, 0, 0, 2, 0, 2),
(336, '2020-12-01', 48, 0, 0, 3, 0, 2),
(337, '2020-12-02', 49, 0, 0, 4, 0, 2),
(338, '2020-12-03', 49, 0, 0, 5, 0, 2),
(339, '2020-12-04', 49, 0, 0, 6, 0, 2),
(340, '2020-12-05', 49, 17, 1, 7, 1, 3),
(341, '2020-12-06', 49, 0, 1, 1, 1, 1),
(342, '2020-12-07', 49, 19, 1, 2, 1, 3),
(343, '2020-12-08', 49, 0, 0, 3, 0, 2),
(344, '2020-12-09', 50, 0, 0, 4, 0, 2),
(345, '2020-12-10', 50, 18, 1, 5, 1, 3),
(346, '2020-12-11', 50, 19, 1, 6, 1, 3),
(347, '2020-12-12', 50, 16, 1, 7, 1, 3),
(348, '2020-12-13', 50, 16, 1, 1, 1, 3),
(349, '2020-12-14', 50, 0, 0, 2, 0, 2),
(350, '2020-12-15', 50, 0, 0, 3, 0, 2),
(351, '2020-12-16', 51, 0, 0, 4, 0, 2),
(352, '2020-12-17', 51, 0, 0, 5, 0, 2),
(353, '2020-12-18', 51, 0, 0, 6, 0, 2),
(354, '2020-12-19', 51, 0, 0, 7, 1, 1),
(355, '2020-12-20', 51, 0, 0, 1, 1, 1),
(356, '2020-12-21', 51, 0, 0, 2, 0, 2),
(357, '2020-12-22', 51, 0, 0, 3, 0, 2),
(358, '2020-12-23', 52, 0, 0, 4, 0, 2),
(359, '2020-12-24', 52, 0, 0, 5, 0, 2),
(360, '2020-12-25', 52, 0, 0, 6, 0, 2),
(361, '2020-12-26', 52, 0, 0, 7, 1, 1),
(362, '2020-12-27', 52, 0, 0, 1, 1, 1),
(363, '2020-12-28', 52, 0, 0, 2, 0, 2),
(364, '2020-12-29', 52, 0, 0, 3, 0, 2),
(365, '2020-12-30', 53, 0, 0, 4, 0, 2),
(366, '2020-12-31', 53, 20, 1, 5, 1, 3),
(367, '2021-01-01', 1, 1, 1, 6, 1, 3),
(368, '2021-01-02', 1, 0, 1, 7, 1, 1),
(369, '2021-01-03', 1, 0, 1, 1, 1, 1),
(370, '2021-01-04', 1, 0, 0, 2, 0, 2),
(371, '2021-01-05', 1, 0, 0, 3, 0, 2),
(372, '2021-01-06', 1, 0, 0, 4, 0, 2),
(373, '2021-01-07', 1, 0, 0, 5, 0, 2),
(374, '2021-01-08', 2, 0, 0, 6, 0, 2),
(375, '2021-01-09', 2, 0, 0, 7, 1, 1),
(376, '2021-01-10', 2, 0, 0, 1, 1, 1),
(377, '2021-01-11', 2, 0, 0, 2, 0, 2),
(378, '2021-01-12', 2, 0, 0, 3, 0, 2),
(379, '2021-01-13', 2, 0, 0, 4, 0, 2),
(380, '2021-01-14', 2, 0, 0, 5, 0, 2),
(381, '2021-01-15', 3, 0, 0, 6, 0, 2),
(382, '2021-01-16', 3, 0, 0, 7, 1, 1),
(383, '2021-01-17', 3, 0, 0, 1, 1, 1),
(384, '2021-01-18', 3, 0, 0, 2, 0, 2),
(385, '2021-01-19', 3, 0, 0, 3, 0, 2),
(386, '2021-01-20', 3, 0, 0, 4, 0, 2),
(387, '2021-01-21', 3, 0, 0, 5, 0, 2),
(388, '2021-01-22', 4, 0, 0, 6, 0, 2),
(389, '2021-01-23', 4, 0, 0, 7, 1, 1),
(390, '2021-01-24', 4, 0, 0, 1, 1, 1),
(391, '2021-01-25', 4, 0, 0, 2, 0, 2),
(392, '2021-01-26', 4, 0, 0, 3, 0, 2),
(393, '2021-01-27', 4, 0, 0, 4, 0, 2),
(394, '2021-01-28', 4, 0, 0, 5, 0, 2),
(395, '2021-01-29', 5, 0, 0, 6, 0, 2),
(396, '2021-01-30', 5, 0, 0, 7, 1, 1),
(397, '2021-01-31', 5, 0, 0, 1, 1, 1),
(398, '2021-02-01', 5, 0, 0, 2, 0, 2),
(399, '2021-02-02', 5, 0, 0, 3, 0, 2),
(400, '2021-02-03', 5, 0, 0, 4, 0, 2),
(401, '2021-02-04', 5, 0, 0, 5, 0, 2),
(402, '2021-02-05', 6, 0, 0, 6, 0, 2),
(403, '2021-02-06', 6, 0, 0, 7, 1, 1),
(404, '2021-02-07', 6, 0, 0, 1, 1, 1),
(405, '2021-02-08', 6, 0, 0, 2, 0, 2),
(406, '2021-02-09', 6, 0, 0, 3, 0, 2),
(407, '2021-02-10', 6, 0, 0, 4, 0, 2),
(408, '2021-02-11', 6, 0, 0, 5, 0, 2),
(409, '2021-02-12', 7, 16, 1, 6, 1, 3),
(410, '2021-02-13', 7, 0, 1, 7, 1, 1),
(411, '2021-02-14', 7, 0, 1, 1, 1, 1),
(412, '2021-02-15', 7, 0, 0, 2, 0, 2),
(413, '2021-02-16', 7, 0, 0, 3, 0, 2),
(414, '2021-02-17', 7, 0, 0, 4, 0, 2),
(415, '2021-02-18', 7, 0, 0, 5, 0, 2),
(416, '2021-02-19', 8, 0, 0, 6, 0, 2),
(417, '2021-02-20', 8, 0, 0, 7, 1, 1),
(418, '2021-02-21', 8, 0, 0, 1, 1, 1),
(419, '2021-02-22', 8, 0, 0, 2, 0, 2),
(420, '2021-02-23', 8, 0, 0, 3, 0, 2),
(421, '2021-02-24', 8, 0, 0, 4, 0, 2),
(422, '2021-02-25', 8, 0, 0, 5, 0, 2),
(423, '2021-02-26', 9, 2, 1, 6, 1, 3),
(424, '2021-02-27', 9, 0, 1, 7, 1, 1),
(425, '2021-02-28', 9, 0, 1, 1, 1, 1),
(426, '2021-03-01', 9, 0, 0, 2, 0, 2),
(427, '2021-03-02', 9, 0, 0, 3, 0, 2),
(428, '2021-03-03', 9, 0, 0, 4, 0, 2),
(429, '2021-03-04', 9, 0, 0, 5, 0, 2),
(430, '2021-03-05', 10, 0, 0, 6, 0, 2),
(431, '2021-03-06', 10, 0, 0, 7, 1, 1),
(432, '2021-03-07', 10, 0, 0, 1, 1, 1),
(433, '2021-03-08', 10, 0, 0, 2, 0, 2),
(434, '2021-03-09', 10, 0, 0, 3, 0, 2),
(435, '2021-03-10', 10, 0, 0, 4, 0, 2),
(436, '2021-03-11', 10, 0, 0, 5, 0, 2),
(437, '2021-03-12', 11, 0, 0, 6, 0, 2),
(438, '2021-03-13', 11, 0, 0, 7, 1, 1),
(439, '2021-03-14', 11, 0, 0, 1, 1, 1),
(440, '2021-03-15', 11, 0, 0, 2, 0, 2),
(441, '2021-03-16', 11, 0, 0, 3, 0, 2),
(442, '2021-03-17', 11, 0, 0, 4, 0, 2),
(443, '2021-03-18', 11, 0, 0, 5, 0, 2),
(444, '2021-03-19', 12, 0, 0, 6, 0, 2),
(445, '2021-03-20', 12, 0, 0, 7, 1, 1),
(446, '2021-03-21', 12, 0, 0, 1, 1, 1),
(447, '2021-03-22', 12, 0, 0, 2, 0, 2),
(448, '2021-03-23', 12, 0, 0, 3, 0, 2),
(449, '2021-03-24', 12, 0, 0, 4, 0, 2),
(450, '2021-03-25', 12, 0, 0, 5, 0, 2),
(451, '2021-03-26', 13, 0, 0, 6, 0, 2),
(452, '2021-03-27', 13, 0, 0, 7, 1, 1),
(453, '2021-03-28', 13, 0, 0, 1, 1, 1),
(454, '2021-03-29', 13, 0, 0, 2, 0, 2),
(455, '2021-03-30', 13, 0, 0, 3, 0, 2),
(456, '2021-03-31', 13, 0, 0, 4, 0, 2),
(457, '2021-04-01', 13, 0, 0, 5, 0, 2),
(458, '2021-04-02', 14, 0, 0, 6, 0, 2),
(459, '2021-04-03', 14, 0, 0, 7, 1, 1),
(460, '2021-04-04', 14, 0, 0, 1, 1, 1),
(461, '2021-04-05', 14, 0, 0, 2, 0, 2),
(462, '2021-04-06', 14, 3, 0, 3, 1, 3),
(463, '2021-04-07', 14, 0, 0, 4, 0, 2),
(464, '2021-04-08', 14, 0, 0, 5, 0, 2),
(465, '2021-04-09', 15, 0, 0, 6, 0, 2),
(466, '2021-04-10', 15, 0, 1, 7, 1, 1),
(467, '2021-04-11', 15, 0, 1, 1, 1, 1),
(468, '2021-04-12', 15, 16, 1, 2, 1, 3),
(469, '2021-04-13', 15, 11, 1, 3, 1, 3),
(470, '2021-04-14', 15, 11, 1, 4, 1, 3),
(471, '2021-04-15', 15, 11, 1, 5, 1, 3),
(472, '2021-04-16', 16, 0, 0, 6, 0, 2),
(473, '2021-04-17', 16, 0, 0, 7, 1, 1),
(474, '2021-04-18', 16, 0, 0, 1, 1, 1),
(475, '2021-04-19', 16, 0, 0, 2, 0, 2),
(476, '2021-04-20', 16, 0, 0, 3, 0, 2),
(477, '2021-04-21', 16, 0, 0, 4, 0, 2),
(478, '2021-04-22', 16, 0, 0, 5, 0, 2),
(479, '2021-04-23', 17, 0, 0, 6, 0, 2),
(480, '2021-04-24', 17, 0, 0, 7, 1, 1),
(481, '2021-04-25', 17, 0, 0, 1, 1, 1),
(482, '2021-04-26', 17, 0, 0, 2, 0, 2),
(483, '2021-04-27', 17, 0, 0, 3, 0, 2),
(484, '2021-04-28', 17, 0, 0, 4, 0, 2),
(485, '2021-04-29', 17, 0, 0, 5, 0, 2),
(486, '2021-04-30', 18, 0, 0, 6, 0, 2),
(487, '2021-05-01', 18, 4, 1, 7, 1, 3),
(488, '2021-05-02', 18, 0, 1, 1, 1, 1),
(489, '2021-05-03', 18, 19, 1, 2, 1, 3),
(490, '2021-05-04', 18, 5, 1, 3, 1, 3),
(491, '2021-05-05', 18, 0, 0, 4, 0, 2),
(492, '2021-05-06', 18, 0, 0, 5, 0, 2),
(493, '2021-05-07', 19, 0, 0, 6, 0, 2),
(494, '2021-05-08', 19, 0, 0, 7, 1, 1),
(495, '2021-05-09', 19, 0, 0, 1, 1, 1),
(496, '2021-05-10', 19, 0, 0, 2, 0, 2),
(497, '2021-05-11', 19, 0, 0, 3, 0, 2),
(498, '2021-05-12', 19, 0, 0, 4, 0, 2),
(499, '2021-05-13', 19, 0, 0, 5, 0, 2),
(500, '2021-05-14', 20, 0, 0, 6, 0, 2),
(501, '2021-05-15', 20, 0, 0, 7, 1, 1),
(502, '2021-05-16', 20, 0, 0, 1, 1, 1),
(503, '2021-05-17', 20, 0, 0, 2, 0, 2),
(504, '2021-05-18', 20, 0, 0, 3, 0, 2),
(505, '2021-05-19', 20, 0, 0, 4, 0, 2),
(506, '2021-05-20', 20, 0, 0, 5, 0, 2),
(507, '2021-05-21', 21, 0, 0, 6, 0, 2),
(508, '2021-05-22', 21, 0, 0, 7, 1, 1),
(509, '2021-05-23', 21, 0, 0, 1, 1, 1),
(510, '2021-05-24', 21, 0, 0, 2, 0, 2),
(511, '2021-05-25', 21, 0, 0, 3, 0, 2),
(512, '2021-05-26', 21, 6, 0, 4, 1, 3),
(513, '2021-05-27', 21, 0, 0, 5, 0, 2),
(514, '2021-05-28', 22, 0, 0, 6, 0, 2),
(515, '2021-05-29', 22, 0, 0, 7, 1, 1),
(516, '2021-05-30', 22, 0, 0, 1, 1, 1),
(517, '2021-05-31', 22, 0, 0, 2, 0, 2),
(518, '2021-06-01', 22, 0, 0, 3, 0, 2),
(519, '2021-06-02', 22, 0, 0, 4, 0, 2),
(520, '2021-06-03', 22, 8, 0, 5, 1, 3),
(521, '2021-06-04', 23, 0, 0, 6, 0, 2),
(522, '2021-06-05', 23, 0, 0, 7, 1, 1),
(523, '2021-06-06', 23, 0, 0, 1, 1, 1),
(524, '2021-06-07', 23, 0, 0, 2, 0, 2),
(525, '2021-06-08', 23, 0, 0, 3, 0, 2),
(526, '2021-06-09', 23, 0, 0, 4, 0, 2),
(527, '2021-06-10', 23, 0, 0, 5, 0, 2),
(528, '2021-06-11', 24, 0, 0, 6, 0, 2),
(529, '2021-06-12', 24, 0, 0, 7, 1, 1),
(530, '2021-06-13', 24, 0, 0, 1, 1, 1),
(531, '2021-06-14', 24, 0, 0, 2, 0, 2),
(532, '2021-06-15', 24, 0, 0, 3, 0, 2),
(533, '2021-06-16', 24, 0, 0, 4, 0, 2),
(534, '2021-06-17', 24, 0, 0, 5, 0, 2),
(535, '2021-06-18', 25, 0, 0, 6, 0, 2),
(536, '2021-06-19', 25, 0, 0, 7, 1, 1),
(537, '2021-06-20', 25, 0, 0, 1, 1, 1),
(538, '2021-06-21', 25, 0, 0, 2, 0, 2),
(539, '2021-06-22', 25, 0, 0, 3, 0, 2),
(540, '2021-06-23', 25, 0, 0, 4, 0, 2),
(541, '2021-06-24', 25, 0, 0, 5, 0, 2),
(542, '2021-06-25', 26, 0, 0, 6, 0, 2),
(543, '2021-06-26', 26, 0, 0, 7, 1, 1),
(544, '2021-06-27', 26, 0, 0, 1, 1, 1),
(545, '2021-06-28', 26, 0, 0, 2, 0, 2),
(546, '2021-06-29', 26, 0, 0, 3, 0, 2),
(547, '2021-06-30', 26, 0, 0, 4, 0, 2),
(548, '2021-07-01', 26, 0, 0, 5, 0, 2),
(549, '2021-07-02', 27, 0, 0, 6, 0, 2),
(550, '2021-07-03', 27, 0, 0, 7, 1, 1),
(551, '2021-07-04', 27, 0, 0, 1, 1, 1),
(552, '2021-07-05', 27, 0, 0, 2, 0, 2),
(553, '2021-07-06', 27, 0, 0, 3, 0, 2),
(554, '2021-07-07', 27, 0, 0, 4, 0, 2),
(555, '2021-07-08', 27, 0, 0, 5, 0, 2),
(556, '2021-07-09', 28, 0, 0, 6, 0, 2),
(557, '2021-07-10', 28, 0, 0, 7, 1, 1),
(558, '2021-07-11', 28, 0, 0, 1, 1, 1),
(559, '2021-07-12', 28, 0, 0, 2, 0, 2),
(560, '2021-07-13', 28, 0, 0, 3, 0, 2),
(561, '2021-07-14', 28, 0, 0, 4, 0, 2),
(562, '2021-07-15', 28, 0, 0, 5, 0, 2),
(563, '2021-07-16', 29, 0, 0, 6, 0, 2),
(564, '2021-07-17', 29, 0, 0, 7, 1, 1),
(565, '2021-07-18', 29, 0, 0, 1, 1, 1),
(566, '2021-07-19', 29, 0, 0, 2, 0, 2),
(567, '2021-07-20', 29, 0, 0, 3, 0, 2),
(568, '2021-07-21', 29, 0, 0, 4, 0, 2),
(569, '2021-07-22', 29, 0, 0, 5, 0, 2),
(570, '2021-07-23', 30, 0, 0, 6, 0, 2),
(571, '2021-07-24', 30, 9, 1, 7, 1, 3),
(572, '2021-07-25', 30, 10, 1, 1, 1, 3),
(573, '2021-07-26', 30, 19, 1, 2, 1, 3),
(574, '2021-07-27', 30, 0, 0, 3, 0, 2),
(575, '2021-07-28', 30, 12, 0, 4, 1, 3),
(576, '2021-07-29', 30, 0, 0, 5, 0, 2),
(577, '2021-07-30', 31, 0, 0, 6, 0, 2),
(578, '2021-07-31', 31, 0, 0, 7, 1, 1),
(579, '2021-08-01', 31, 0, 0, 1, 1, 1),
(580, '2021-08-02', 31, 0, 0, 2, 0, 2),
(581, '2021-08-03', 31, 0, 0, 3, 0, 2),
(582, '2021-08-04', 31, 0, 0, 4, 0, 2),
(583, '2021-08-05', 31, 0, 0, 5, 0, 2),
(584, '2021-08-06', 32, 0, 0, 6, 0, 2),
(585, '2021-08-07', 32, 0, 0, 7, 1, 1),
(586, '2021-08-08', 32, 0, 0, 1, 1, 1),
(587, '2021-08-09', 32, 0, 0, 2, 0, 2),
(588, '2021-08-10', 32, 0, 0, 3, 0, 2),
(589, '2021-08-11', 32, 0, 0, 4, 0, 2),
(590, '2021-08-12', 32, 13, 0, 5, 1, 3),
(591, '2021-08-13', 33, 0, 0, 6, 0, 2),
(592, '2021-08-14', 33, 0, 0, 7, 1, 1),
(593, '2021-08-15', 33, 0, 0, 1, 1, 1),
(594, '2021-08-16', 33, 0, 0, 2, 0, 2),
(595, '2021-08-17', 33, 0, 0, 3, 0, 2),
(596, '2021-08-18', 33, 0, 0, 4, 0, 2),
(597, '2021-08-19', 33, 0, 0, 5, 0, 2),
(598, '2021-08-20', 34, 0, 0, 6, 0, 2),
(599, '2021-08-21', 34, 0, 0, 7, 1, 1),
(600, '2021-08-22', 34, 0, 0, 1, 1, 1),
(601, '2021-08-23', 34, 0, 0, 2, 0, 2),
(602, '2021-08-24', 34, 0, 0, 3, 0, 2),
(603, '2021-08-25', 34, 0, 0, 4, 0, 2),
(604, '2021-08-26', 34, 0, 0, 5, 0, 2),
(605, '2021-08-27', 35, 0, 0, 6, 0, 2),
(606, '2021-08-28', 35, 0, 0, 7, 1, 1),
(607, '2021-08-29', 35, 0, 0, 1, 1, 1),
(608, '2021-08-30', 35, 0, 0, 2, 0, 2),
(609, '2021-08-31', 35, 0, 0, 3, 0, 2),
(610, '2021-09-01', 35, 0, 0, 4, 0, 2),
(611, '2021-09-02', 35, 0, 0, 5, 0, 2),
(612, '2021-09-03', 36, 0, 0, 6, 0, 2),
(613, '2021-09-04', 36, 0, 0, 7, 1, 1),
(614, '2021-09-05', 36, 0, 0, 1, 1, 1),
(615, '2021-09-06', 36, 0, 0, 2, 0, 2),
(616, '2021-09-07', 36, 0, 0, 3, 0, 2),
(617, '2021-09-08', 36, 0, 0, 4, 0, 2),
(618, '2021-09-09', 36, 0, 0, 5, 0, 2),
(619, '2021-09-10', 37, 0, 0, 6, 0, 2),
(620, '2021-09-11', 37, 0, 0, 7, 1, 1),
(621, '2021-09-12', 37, 0, 0, 1, 1, 1),
(622, '2021-09-13', 37, 0, 0, 2, 0, 2),
(623, '2021-09-14', 37, 0, 0, 3, 0, 2),
(624, '2021-09-15', 37, 0, 0, 4, 0, 2),
(625, '2021-09-16', 37, 0, 0, 5, 0, 2),
(626, '2021-09-17', 38, 0, 0, 6, 0, 2),
(627, '2021-09-18', 38, 0, 0, 7, 1, 1),
(628, '2021-09-19', 38, 0, 0, 1, 1, 1),
(629, '2021-09-20', 38, 0, 0, 2, 0, 2),
(630, '2021-09-21', 38, 0, 0, 3, 0, 2),
(631, '2021-09-22', 38, 0, 0, 4, 0, 2),
(632, '2021-09-23', 38, 0, 0, 5, 0, 2),
(633, '2021-09-24', 39, 16, 1, 6, 1, 3),
(634, '2021-09-25', 39, 0, 1, 7, 1, 1),
(635, '2021-09-26', 39, 0, 1, 1, 1, 1),
(636, '2021-09-27', 39, 0, 0, 2, 0, 2),
(637, '2021-09-28', 39, 0, 0, 3, 0, 2),
(638, '2021-09-29', 39, 0, 0, 4, 0, 2),
(639, '2021-09-30', 39, 0, 0, 5, 0, 2),
(640, '2021-10-01', 40, 0, 0, 6, 0, 2),
(641, '2021-10-02', 40, 0, 0, 7, 1, 1),
(642, '2021-10-03', 40, 0, 0, 1, 1, 1),
(643, '2021-10-04', 40, 0, 0, 2, 0, 2),
(644, '2021-10-05', 40, 0, 0, 3, 0, 2),
(645, '2021-10-06', 40, 0, 0, 4, 0, 2),
(646, '2021-10-07', 40, 0, 0, 5, 0, 2),
(647, '2021-10-08', 41, 0, 0, 6, 0, 2),
(648, '2021-10-09', 41, 0, 0, 7, 1, 1),
(649, '2021-10-10', 41, 0, 0, 1, 1, 1),
(650, '2021-10-11', 41, 0, 0, 2, 0, 2),
(651, '2021-10-12', 41, 0, 0, 3, 0, 2),
(652, '2021-10-13', 41, 14, 0, 4, 1, 3),
(653, '2021-10-14', 41, 0, 0, 5, 0, 2),
(654, '2021-10-15', 42, 0, 0, 6, 0, 2),
(655, '2021-10-16', 42, 0, 0, 7, 1, 1),
(656, '2021-10-17', 42, 0, 0, 1, 1, 1),
(657, '2021-10-18', 42, 0, 0, 2, 0, 2),
(658, '2021-10-19', 42, 0, 0, 3, 0, 2),
(659, '2021-10-20', 42, 0, 0, 4, 0, 2),
(660, '2021-10-21', 42, 21, 1, 5, 1, 3),
(661, '2021-10-22', 43, 19, 1, 6, 1, 3),
(662, '2021-10-23', 43, 15, 1, 7, 1, 3),
(663, '2021-10-24', 43, 0, 1, 1, 1, 1),
(664, '2021-10-25', 43, 0, 0, 2, 0, 2),
(665, '2021-10-26', 43, 0, 0, 3, 0, 2),
(666, '2021-10-27', 43, 0, 0, 4, 0, 2),
(667, '2021-10-28', 43, 0, 0, 5, 0, 2),
(668, '2021-10-29', 44, 0, 0, 6, 0, 2),
(669, '2021-10-30', 44, 0, 0, 7, 1, 1),
(670, '2021-10-31', 44, 0, 0, 1, 1, 1),
(671, '2021-11-01', 44, 0, 0, 2, 0, 2),
(672, '2021-11-02', 44, 0, 0, 3, 0, 2),
(673, '2021-11-03', 44, 0, 0, 4, 0, 2),
(674, '2021-11-04', 44, 0, 0, 5, 0, 2),
(675, '2021-11-05', 45, 0, 0, 6, 0, 2),
(676, '2021-11-06', 45, 0, 0, 7, 1, 1),
(677, '2021-11-07', 45, 0, 0, 1, 1, 1),
(678, '2021-11-08', 45, 0, 0, 2, 0, 2),
(679, '2021-11-09', 45, 0, 0, 3, 0, 2),
(680, '2021-11-10', 45, 0, 0, 4, 0, 2),
(681, '2021-11-11', 45, 0, 0, 5, 0, 2),
(682, '2021-11-12', 46, 0, 0, 6, 0, 2),
(683, '2021-11-13', 46, 0, 0, 7, 1, 1),
(684, '2021-11-14', 46, 0, 0, 1, 1, 1),
(685, '2021-11-15', 46, 0, 0, 2, 0, 2),
(686, '2021-11-16', 46, 0, 0, 3, 0, 2),
(687, '2021-11-17', 46, 0, 0, 4, 0, 2),
(688, '2021-11-18', 46, 0, 0, 5, 0, 2),
(689, '2021-11-19', 47, 0, 0, 6, 0, 2),
(690, '2021-11-20', 47, 0, 0, 7, 1, 1),
(691, '2021-11-21', 47, 0, 0, 1, 1, 1),
(692, '2021-11-22', 47, 0, 0, 2, 0, 2),
(693, '2021-11-23', 47, 0, 0, 3, 0, 2),
(694, '2021-11-24', 47, 0, 0, 4, 0, 2),
(695, '2021-11-25', 47, 0, 0, 5, 0, 2),
(696, '2021-11-26', 48, 0, 0, 6, 0, 2),
(697, '2021-11-27', 48, 0, 0, 7, 1, 1),
(698, '2021-11-28', 48, 0, 0, 1, 1, 1),
(699, '2021-11-29', 48, 0, 0, 2, 0, 2),
(700, '2021-11-30', 48, 0, 0, 3, 0, 2),
(701, '2021-12-01', 48, 0, 0, 4, 0, 2),
(702, '2021-12-02', 48, 0, 0, 5, 0, 2),
(703, '2021-12-03', 49, 0, 0, 6, 0, 2),
(704, '2021-12-04', 49, 0, 1, 7, 1, 1),
(705, '2021-12-05', 49, 17, 1, 1, 1, 3),
(706, '2021-12-06', 49, 19, 1, 2, 1, 3),
(707, '2021-12-07', 49, 0, 0, 3, 0, 2),
(708, '2021-12-08', 49, 0, 0, 4, 0, 2),
(709, '2021-12-09', 49, 0, 0, 5, 0, 2),
(710, '2021-12-10', 50, 18, 1, 6, 1, 3),
(711, '2021-12-11', 50, 0, 1, 7, 1, 1),
(712, '2021-12-12', 50, 0, 1, 1, 1, 1),
(713, '2021-12-13', 50, 0, 0, 2, 0, 2),
(714, '2021-12-14', 50, 0, 0, 3, 0, 2),
(715, '2021-12-15', 50, 0, 0, 4, 0, 2),
(716, '2021-12-16', 50, 0, 0, 5, 0, 2),
(717, '2021-12-17', 51, 0, 0, 6, 0, 2),
(718, '2021-12-18', 51, 0, 0, 7, 1, 1),
(719, '2021-12-19', 51, 0, 0, 1, 1, 1),
(720, '2021-12-20', 51, 0, 0, 2, 0, 2),
(721, '2021-12-21', 51, 0, 0, 3, 0, 2),
(722, '2021-12-22', 51, 0, 0, 4, 0, 2),
(723, '2021-12-23', 51, 0, 0, 5, 0, 2),
(724, '2021-12-24', 52, 0, 0, 6, 0, 2),
(725, '2021-12-25', 52, 0, 0, 7, 1, 1),
(726, '2021-12-26', 52, 0, 0, 1, 1, 1),
(727, '2021-12-27', 52, 0, 0, 2, 0, 2),
(728, '2021-12-28', 52, 0, 0, 3, 0, 2),
(729, '2021-12-29', 52, 0, 0, 4, 0, 2),
(730, '2021-12-30', 52, 0, 0, 5, 0, 2),
(731, '2021-12-31', 53, 20, 1, 6, 1, 3),
(732, '2022-01-01', 1, 1, 1, 7, 1, 3),
(733, '2022-01-02', 1, 0, 1, 1, 1, 1),
(734, '2022-01-03', 1, 19, 1, 2, 1, 3),
(735, '2022-01-04', 1, 0, 0, 3, 0, 2),
(736, '2022-01-05', 1, 0, 0, 4, 0, 2),
(737, '2022-01-06', 1, 0, 0, 5, 0, 2),
(738, '2022-01-07', 1, 0, 0, 6, 0, 2),
(739, '2022-01-08', 2, 0, 0, 7, 1, 1),
(740, '2022-01-09', 2, 0, 0, 1, 1, 1),
(741, '2022-01-10', 2, 0, 0, 2, 0, 2),
(742, '2022-01-11', 2, 0, 0, 3, 0, 2),
(743, '2022-01-12', 2, 0, 0, 4, 0, 2),
(744, '2022-01-13', 2, 0, 0, 5, 0, 2),
(745, '2022-01-14', 2, 0, 0, 6, 0, 2),
(746, '2022-01-15', 3, 0, 0, 7, 1, 1),
(747, '2022-01-16', 3, 0, 0, 1, 1, 1),
(748, '2022-01-17', 3, 0, 0, 2, 0, 2),
(749, '2022-01-18', 3, 0, 0, 3, 0, 2),
(750, '2022-01-19', 3, 0, 0, 4, 0, 2),
(751, '2022-01-20', 3, 0, 0, 5, 0, 2),
(752, '2022-01-21', 3, 0, 0, 6, 0, 2),
(753, '2022-01-22', 4, 0, 0, 7, 1, 1),
(754, '2022-01-23', 4, 0, 0, 1, 1, 1),
(755, '2022-01-24', 4, 0, 0, 2, 0, 2),
(756, '2022-01-25', 4, 0, 0, 3, 0, 2),
(757, '2022-01-26', 4, 0, 0, 4, 0, 2),
(758, '2022-01-27', 4, 0, 0, 5, 0, 2),
(759, '2022-01-28', 4, 0, 0, 6, 0, 2),
(760, '2022-01-29', 5, 0, 0, 7, 1, 1),
(761, '2022-01-30', 5, 0, 0, 1, 1, 1),
(762, '2022-01-31', 5, 0, 0, 2, 0, 2),
(763, '2022-02-01', 5, 0, 0, 3, 0, 2),
(764, '2022-02-02', 5, 0, 0, 4, 0, 2),
(765, '2022-02-03', 5, 0, 0, 5, 0, 2),
(766, '2022-02-04', 5, 0, 0, 6, 0, 2),
(767, '2022-02-05', 6, 0, 0, 7, 1, 1),
(768, '2022-02-06', 6, 0, 0, 1, 1, 1),
(769, '2022-02-07', 6, 0, 0, 2, 0, 2),
(770, '2022-02-08', 6, 0, 0, 3, 0, 2),
(771, '2022-02-09', 6, 0, 0, 4, 0, 2),
(772, '2022-02-10', 6, 0, 0, 5, 0, 2),
(773, '2022-02-11', 6, 0, 0, 6, 0, 2),
(774, '2022-02-12', 7, 0, 0, 7, 1, 1),
(775, '2022-02-13', 7, 0, 0, 1, 1, 1),
(776, '2022-02-14', 7, 0, 0, 2, 0, 2),
(777, '2022-02-15', 7, 0, 0, 3, 0, 2),
(778, '2022-02-16', 7, 2, 0, 4, 1, 3),
(779, '2022-02-17', 7, 0, 0, 5, 0, 2),
(780, '2022-02-18', 7, 0, 0, 6, 0, 2),
(781, '2022-02-19', 8, 0, 0, 7, 1, 1),
(782, '2022-02-20', 8, 0, 0, 1, 1, 1),
(783, '2022-02-21', 8, 0, 0, 2, 0, 2),
(784, '2022-02-22', 8, 0, 0, 3, 0, 2),
(785, '2022-02-23', 8, 0, 0, 4, 0, 2),
(786, '2022-02-24', 8, 0, 0, 5, 0, 2),
(787, '2022-02-25', 8, 0, 0, 6, 0, 2),
(788, '2022-02-26', 9, 0, 0, 7, 1, 1),
(789, '2022-02-27', 9, 0, 0, 1, 1, 1),
(790, '2022-02-28', 9, 0, 0, 2, 0, 2),
(791, '2022-03-01', 9, 0, 0, 3, 0, 2),
(792, '2022-03-02', 9, 0, 0, 4, 0, 2),
(793, '2022-03-03', 9, 0, 0, 5, 0, 2),
(794, '2022-03-04', 9, 0, 0, 6, 0, 2),
(795, '2022-03-05', 10, 0, 0, 7, 1, 1),
(796, '2022-03-06', 10, 0, 0, 1, 1, 1),
(797, '2022-03-07', 10, 0, 0, 2, 0, 2),
(798, '2022-03-08', 10, 0, 0, 3, 0, 2),
(799, '2022-03-09', 10, 0, 0, 4, 0, 2),
(800, '2022-03-10', 10, 0, 0, 5, 0, 2),
(801, '2022-03-11', 10, 0, 0, 6, 0, 2),
(802, '2022-03-12', 11, 0, 0, 7, 1, 1),
(803, '2022-03-13', 11, 0, 0, 1, 1, 1),
(804, '2022-03-14', 11, 0, 0, 2, 0, 2),
(805, '2022-03-15', 11, 0, 0, 3, 0, 2),
(806, '2022-03-16', 11, 0, 0, 4, 0, 2),
(807, '2022-03-17', 11, 0, 0, 5, 0, 2),
(808, '2022-03-18', 11, 0, 0, 6, 0, 2),
(809, '2022-03-19', 12, 0, 0, 7, 1, 1),
(810, '2022-03-20', 12, 0, 0, 1, 1, 1),
(811, '2022-03-21', 12, 0, 0, 2, 0, 2),
(812, '2022-03-22', 12, 0, 0, 3, 0, 2),
(813, '2022-03-23', 12, 0, 0, 4, 0, 2),
(814, '2022-03-24', 12, 0, 0, 5, 0, 2),
(815, '2022-03-25', 12, 0, 0, 6, 0, 2),
(816, '2022-03-26', 13, 0, 0, 7, 1, 1),
(817, '2022-03-27', 13, 0, 0, 1, 1, 1),
(818, '2022-03-28', 13, 0, 0, 2, 0, 2),
(819, '2022-03-29', 13, 0, 0, 3, 0, 2),
(820, '2022-03-30', 13, 0, 0, 4, 0, 2),
(821, '2022-03-31', 13, 0, 0, 5, 0, 2),
(822, '2022-04-01', 13, 0, 0, 6, 0, 2),
(823, '2022-04-02', 14, 0, 0, 7, 1, 1),
(824, '2022-04-03', 14, 0, 0, 1, 1, 1),
(825, '2022-04-04', 14, 0, 0, 2, 0, 2),
(826, '2022-04-05', 14, 0, 0, 3, 0, 2),
(827, '2022-04-06', 14, 3, 0, 4, 1, 3),
(828, '2022-04-07', 14, 0, 0, 5, 0, 2),
(829, '2022-04-08', 14, 0, 0, 6, 0, 2),
(830, '2022-04-09', 15, 0, 0, 7, 1, 1),
(831, '2022-04-10', 15, 0, 0, 1, 1, 1),
(832, '2022-04-11', 15, 0, 0, 2, 0, 2),
(833, '2022-04-12', 15, 0, 0, 3, 0, 2),
(834, '2022-04-13', 15, 11, 1, 4, 1, 3),
(835, '2022-04-14', 15, 11, 1, 5, 1, 3),
(836, '2022-04-15', 15, 11, 1, 6, 1, 3),
(837, '2022-04-16', 16, 0, 1, 7, 1, 1),
(838, '2022-04-17', 16, 0, 1, 1, 1, 1),
(839, '2022-04-18', 16, 0, 0, 2, 0, 2),
(840, '2022-04-19', 16, 0, 0, 3, 0, 2),
(841, '2022-04-20', 16, 0, 0, 4, 0, 2),
(842, '2022-04-21', 16, 0, 0, 5, 0, 2),
(843, '2022-04-22', 16, 0, 0, 6, 0, 2),
(844, '2022-04-23', 17, 0, 0, 7, 1, 1),
(845, '2022-04-24', 17, 0, 0, 1, 1, 1),
(846, '2022-04-25', 17, 0, 0, 2, 0, 2),
(847, '2022-04-26', 17, 0, 0, 3, 0, 2),
(848, '2022-04-27', 17, 0, 0, 4, 0, 2),
(849, '2022-04-28', 17, 0, 0, 5, 0, 2),
(850, '2022-04-29', 17, 0, 0, 6, 0, 2),
(851, '2022-04-30', 18, 0, 1, 7, 1, 1),
(852, '2022-05-01', 18, 4, 1, 1, 1, 3),
(853, '2022-05-02', 18, 19, 1, 2, 1, 3),
(854, '2022-05-03', 18, 0, 0, 3, 0, 2),
(855, '2022-05-04', 18, 5, 0, 4, 1, 3),
(856, '2022-05-05', 18, 0, 0, 5, 0, 2),
(857, '2022-05-06', 18, 0, 0, 6, 0, 2),
(858, '2022-05-07', 19, 0, 0, 7, 1, 1),
(859, '2022-05-08', 19, 0, 0, 1, 1, 1),
(860, '2022-05-09', 19, 0, 0, 2, 0, 2),
(861, '2022-05-10', 19, 0, 0, 3, 0, 2),
(862, '2022-05-11', 19, 0, 0, 4, 0, 2),
(863, '2022-05-12', 19, 0, 0, 5, 0, 2),
(864, '2022-05-13', 19, 7, 1, 6, 1, 3),
(865, '2022-05-14', 20, 0, 1, 7, 1, 1),
(866, '2022-05-15', 20, 6, 1, 1, 1, 3),
(867, '2022-05-16', 20, 19, 1, 2, 1, 3),
(868, '2022-05-17', 20, 0, 0, 3, 0, 2),
(869, '2022-05-18', 20, 0, 0, 4, 0, 2),
(870, '2022-05-19', 20, 0, 0, 5, 0, 2),
(871, '2022-05-20', 20, 0, 0, 6, 0, 2),
(872, '2022-05-21', 21, 0, 0, 7, 1, 1),
(873, '2022-05-22', 21, 0, 0, 1, 1, 1),
(874, '2022-05-23', 21, 0, 0, 2, 0, 2),
(875, '2022-05-24', 21, 0, 0, 3, 0, 2),
(876, '2022-05-25', 21, 0, 0, 4, 0, 2),
(877, '2022-05-26', 21, 0, 0, 5, 0, 2),
(878, '2022-05-27', 21, 0, 0, 6, 0, 2),
(879, '2022-05-28', 22, 0, 0, 7, 1, 1),
(880, '2022-05-29', 22, 0, 0, 1, 1, 1),
(881, '2022-05-30', 22, 0, 0, 2, 0, 2),
(882, '2022-05-31', 22, 0, 0, 3, 0, 2),
(883, '2022-06-01', 22, 0, 0, 4, 0, 2),
(884, '2022-06-02', 22, 0, 0, 5, 0, 2),
(885, '2022-06-03', 22, 8, 1, 6, 1, 3),
(886, '2022-06-04', 23, 0, 1, 7, 1, 1),
(887, '2022-06-05', 23, 0, 1, 1, 1, 1),
(888, '2022-06-06', 23, 0, 0, 2, 0, 2),
(889, '2022-06-07', 23, 0, 0, 3, 0, 2),
(890, '2022-06-08', 23, 0, 0, 4, 0, 2),
(891, '2022-06-09', 23, 0, 0, 5, 0, 2),
(892, '2022-06-10', 23, 0, 0, 6, 0, 2),
(893, '2022-06-11', 24, 0, 0, 7, 1, 1),
(894, '2022-06-12', 24, 0, 0, 1, 1, 1),
(895, '2022-06-13', 24, 0, 0, 2, 0, 2),
(896, '2022-06-14', 24, 0, 0, 3, 0, 2),
(897, '2022-06-15', 24, 0, 0, 4, 0, 2),
(898, '2022-06-16', 24, 0, 0, 5, 0, 2),
(899, '2022-06-17', 24, 0, 0, 6, 0, 2),
(900, '2022-06-18', 25, 0, 0, 7, 1, 1),
(901, '2022-06-19', 25, 0, 0, 1, 1, 1),
(902, '2022-06-20', 25, 0, 0, 2, 0, 2),
(903, '2022-06-21', 25, 0, 0, 3, 0, 2),
(904, '2022-06-22', 25, 0, 0, 4, 0, 2),
(905, '2022-06-23', 25, 0, 0, 5, 0, 2),
(906, '2022-06-24', 25, 0, 0, 6, 0, 2),
(907, '2022-06-25', 26, 0, 0, 7, 1, 1),
(908, '2022-06-26', 26, 0, 0, 1, 1, 1),
(909, '2022-06-27', 26, 0, 0, 2, 0, 2),
(910, '2022-06-28', 26, 0, 0, 3, 0, 2),
(911, '2022-06-29', 26, 0, 0, 4, 0, 2),
(912, '2022-06-30', 26, 0, 0, 5, 0, 2),
(913, '2022-07-01', 26, 0, 0, 6, 0, 2),
(914, '2022-07-02', 27, 0, 0, 7, 1, 1),
(915, '2022-07-03', 27, 0, 0, 1, 1, 1),
(916, '2022-07-04', 27, 0, 0, 2, 0, 2),
(917, '2022-07-05', 27, 0, 0, 3, 0, 2),
(918, '2022-07-06', 27, 0, 0, 4, 0, 2),
(919, '2022-07-07', 27, 0, 0, 5, 0, 2),
(920, '2022-07-08', 27, 0, 0, 6, 0, 2),
(921, '2022-07-09', 28, 0, 0, 7, 1, 1),
(922, '2022-07-10', 28, 0, 0, 1, 1, 1),
(923, '2022-07-11', 28, 0, 0, 2, 0, 2),
(924, '2022-07-12', 28, 0, 0, 3, 0, 2),
(925, '2022-07-13', 28, 9, 1, 4, 1, 3),
(926, '2022-07-14', 28, 10, 1, 5, 1, 3),
(927, '2022-07-15', 28, 16, 1, 6, 1, 3),
(928, '2022-07-16', 29, 0, 1, 7, 1, 1),
(929, '2022-07-17', 29, 0, 1, 1, 1, 1),
(930, '2022-07-18', 29, 0, 0, 2, 0, 2),
(931, '2022-07-19', 29, 0, 0, 3, 0, 2),
(932, '2022-07-20', 29, 0, 0, 4, 0, 2),
(933, '2022-07-21', 29, 0, 0, 5, 0, 2),
(934, '2022-07-22', 29, 0, 0, 6, 0, 2),
(935, '2022-07-23', 30, 0, 0, 7, 1, 1),
(936, '2022-07-24', 30, 0, 0, 1, 1, 1),
(937, '2022-07-25', 30, 0, 0, 2, 0, 2),
(938, '2022-07-26', 30, 0, 0, 3, 0, 2),
(939, '2022-07-27', 30, 0, 0, 4, 0, 2),
(940, '2022-07-28', 30, 12, 0, 5, 1, 3),
(941, '2022-07-29', 30, 16, 0, 6, 1, 3),
(942, '2022-07-30', 31, 0, 0, 7, 1, 1),
(943, '2022-07-31', 31, 0, 0, 1, 1, 1),
(944, '2022-08-01', 31, 0, 0, 2, 0, 2),
(945, '2022-08-02', 31, 0, 0, 3, 0, 2),
(946, '2022-08-03', 31, 0, 0, 4, 0, 2),
(947, '2022-08-04', 31, 0, 0, 5, 0, 2),
(948, '2022-08-05', 31, 0, 0, 6, 0, 2),
(949, '2022-08-06', 32, 0, 0, 7, 1, 1),
(950, '2022-08-07', 32, 0, 0, 1, 1, 1),
(951, '2022-08-08', 32, 0, 0, 2, 0, 2),
(952, '2022-08-09', 32, 0, 0, 3, 0, 2),
(953, '2022-08-10', 32, 0, 0, 4, 0, 2),
(954, '2022-08-11', 32, 0, 0, 5, 0, 2),
(955, '2022-08-12', 32, 13, 1, 6, 1, 3),
(956, '2022-08-13', 33, 0, 1, 7, 1, 1),
(957, '2022-08-14', 33, 0, 1, 1, 1, 1),
(958, '2022-08-15', 33, 0, 0, 2, 0, 2),
(959, '2022-08-16', 33, 0, 0, 3, 0, 2),
(960, '2022-08-17', 33, 0, 0, 4, 0, 2),
(961, '2022-08-18', 33, 0, 0, 5, 0, 2),
(962, '2022-08-19', 33, 0, 0, 6, 0, 2),
(963, '2022-08-20', 34, 0, 0, 7, 1, 1),
(964, '2022-08-21', 34, 0, 0, 1, 1, 1),
(965, '2022-08-22', 34, 0, 0, 2, 0, 2),
(966, '2022-08-23', 34, 0, 0, 3, 0, 2),
(967, '2022-08-24', 34, 0, 0, 4, 0, 2),
(968, '2022-08-25', 34, 0, 0, 5, 0, 2),
(969, '2022-08-26', 34, 0, 0, 6, 0, 2),
(970, '2022-08-27', 35, 0, 0, 7, 1, 1),
(971, '2022-08-28', 35, 0, 0, 1, 1, 1),
(972, '2022-08-29', 35, 0, 0, 2, 0, 2),
(973, '2022-08-30', 35, 0, 0, 3, 0, 2),
(974, '2022-08-31', 35, 0, 0, 4, 0, 2),
(975, '2022-09-01', 35, 0, 0, 5, 0, 2),
(976, '2022-09-02', 35, 0, 0, 6, 0, 2),
(977, '2022-09-03', 36, 0, 0, 7, 1, 1),
(978, '2022-09-04', 36, 0, 0, 1, 1, 1),
(979, '2022-09-05', 36, 0, 0, 2, 0, 2),
(980, '2022-09-06', 36, 0, 0, 3, 0, 2),
(981, '2022-09-07', 36, 0, 0, 4, 0, 2),
(982, '2022-09-08', 36, 0, 0, 5, 0, 2),
(983, '2022-09-09', 36, 0, 0, 6, 0, 2),
(984, '2022-09-10', 37, 0, 0, 7, 1, 1),
(985, '2022-09-11', 37, 0, 0, 1, 1, 1),
(986, '2022-09-12', 37, 0, 0, 2, 0, 2),
(987, '2022-09-13', 37, 0, 0, 3, 0, 2),
(988, '2022-09-14', 37, 0, 0, 4, 0, 2),
(989, '2022-09-15', 37, 0, 0, 5, 0, 2),
(990, '2022-09-16', 37, 0, 0, 6, 0, 2),
(991, '2022-09-17', 38, 0, 0, 7, 1, 1),
(992, '2022-09-18', 38, 0, 0, 1, 1, 1),
(993, '2022-09-19', 38, 0, 0, 2, 0, 2),
(994, '2022-09-20', 38, 0, 0, 3, 0, 2),
(995, '2022-09-21', 38, 0, 0, 4, 0, 2),
(996, '2022-09-22', 38, 0, 0, 5, 0, 2),
(997, '2022-09-23', 38, 0, 0, 6, 0, 2),
(998, '2022-09-24', 39, 0, 0, 7, 1, 1),
(999, '2022-09-25', 39, 0, 0, 1, 1, 1),
(1000, '2022-09-26', 39, 0, 0, 2, 0, 2),
(1001, '2022-09-27', 39, 0, 0, 3, 0, 2),
(1002, '2022-09-28', 39, 0, 0, 4, 0, 2),
(1003, '2022-09-29', 39, 0, 0, 5, 0, 2),
(1004, '2022-09-30', 39, 0, 0, 6, 0, 2),
(1005, '2022-10-01', 40, 0, 0, 7, 1, 1),
(1006, '2022-10-02', 40, 0, 0, 1, 1, 1),
(1007, '2022-10-03', 40, 0, 0, 2, 0, 2),
(1008, '2022-10-04', 40, 0, 0, 3, 0, 2),
(1009, '2022-10-05', 40, 0, 0, 4, 0, 2),
(1010, '2022-10-06', 40, 0, 0, 5, 0, 2),
(1011, '2022-10-07', 40, 0, 0, 6, 0, 2),
(1012, '2022-10-08', 41, 0, 0, 7, 1, 1),
(1013, '2022-10-09', 41, 0, 0, 1, 1, 1),
(1014, '2022-10-10', 41, 0, 0, 2, 0, 2),
(1015, '2022-10-11', 41, 0, 0, 3, 0, 2),
(1016, '2022-10-12', 41, 0, 0, 4, 0, 2),
(1017, '2022-10-13', 41, 14, 1, 5, 1, 3),
(1018, '2022-10-14', 41, 16, 1, 6, 1, 3),
(1019, '2022-10-15', 42, 0, 1, 7, 1, 1),
(1020, '2022-10-16', 42, 0, 1, 1, 1, 1),
(1021, '2022-10-17', 42, 0, 0, 2, 0, 2),
(1022, '2022-10-18', 42, 0, 0, 3, 0, 2),
(1023, '2022-10-19', 42, 0, 0, 4, 0, 2),
(1024, '2022-10-20', 42, 0, 0, 5, 0, 2),
(1025, '2022-10-21', 42, 0, 0, 6, 0, 2),
(1026, '2022-10-22', 43, 0, 1, 7, 1, 1),
(1027, '2022-10-23', 43, 15, 1, 1, 1, 3),
(1028, '2022-10-24', 43, 19, 1, 2, 1, 3),
(1029, '2022-10-25', 43, 0, 0, 3, 0, 2),
(1030, '2022-10-26', 43, 0, 0, 4, 0, 2),
(1031, '2022-10-27', 43, 0, 0, 5, 0, 2),
(1032, '2022-10-28', 43, 0, 0, 6, 0, 2),
(1033, '2022-10-29', 44, 0, 0, 7, 1, 1),
(1034, '2022-10-30', 44, 0, 0, 1, 1, 1),
(1035, '2022-10-31', 44, 0, 0, 2, 0, 2),
(1036, '2022-11-01', 44, 0, 0, 3, 0, 2),
(1037, '2022-11-02', 44, 0, 0, 4, 0, 2),
(1038, '2022-11-03', 44, 0, 0, 5, 0, 2),
(1039, '2022-11-04', 44, 0, 0, 6, 0, 2),
(1040, '2022-11-05', 45, 0, 0, 7, 1, 1),
(1041, '2022-11-06', 45, 0, 0, 1, 1, 1),
(1042, '2022-11-07', 45, 0, 0, 2, 0, 2),
(1043, '2022-11-08', 45, 0, 0, 3, 0, 2),
(1044, '2022-11-09', 45, 0, 0, 4, 0, 2),
(1045, '2022-11-10', 45, 0, 0, 5, 0, 2),
(1046, '2022-11-11', 45, 0, 0, 6, 0, 2),
(1047, '2022-11-12', 46, 0, 0, 7, 1, 1),
(1048, '2022-11-13', 46, 0, 0, 1, 1, 1),
(1049, '2022-11-14', 46, 0, 0, 2, 0, 2),
(1050, '2022-11-15', 46, 0, 0, 3, 0, 2),
(1051, '2022-11-16', 46, 0, 0, 4, 0, 2),
(1052, '2022-11-17', 46, 0, 0, 5, 0, 2),
(1053, '2022-11-18', 46, 0, 0, 6, 0, 2),
(1054, '2022-11-19', 47, 0, 0, 7, 1, 1),
(1055, '2022-11-20', 47, 0, 0, 1, 1, 1),
(1056, '2022-11-21', 47, 0, 0, 2, 0, 2),
(1057, '2022-11-22', 47, 0, 0, 3, 0, 2),
(1058, '2022-11-23', 47, 0, 0, 4, 0, 2),
(1059, '2022-11-24', 47, 0, 0, 5, 0, 2),
(1060, '2022-11-25', 47, 0, 0, 6, 0, 2),
(1061, '2022-11-26', 48, 0, 0, 7, 1, 1),
(1062, '2022-11-27', 48, 0, 0, 1, 1, 1),
(1063, '2022-11-28', 48, 0, 0, 2, 0, 2),
(1064, '2022-11-29', 48, 0, 0, 3, 0, 2),
(1065, '2022-11-30', 48, 0, 0, 4, 0, 2),
(1066, '2022-12-01', 48, 0, 0, 5, 0, 2),
(1067, '2022-12-02', 48, 0, 0, 6, 0, 2),
(1068, '2022-12-03', 49, 0, 1, 7, 1, 1),
(1069, '2022-12-04', 49, 0, 1, 1, 1, 1),
(1070, '2022-12-05', 49, 17, 1, 2, 1, 3),
(1071, '2022-12-06', 49, 0, 0, 3, 0, 2),
(1072, '2022-12-07', 49, 0, 0, 4, 0, 2),
(1073, '2022-12-08', 49, 0, 0, 5, 0, 2),
(1074, '2022-12-09', 49, 0, 0, 6, 0, 2),
(1075, '2022-12-10', 50, 18, 1, 7, 1, 3),
(1076, '2022-12-11', 50, 0, 1, 1, 1, 1),
(1077, '2022-12-12', 50, 19, 1, 2, 1, 3),
(1078, '2022-12-13', 50, 0, 0, 3, 0, 2),
(1079, '2022-12-14', 50, 0, 0, 4, 0, 2),
(1080, '2022-12-15', 50, 0, 0, 5, 0, 2),
(1081, '2022-12-16', 50, 0, 0, 6, 0, 2),
(1082, '2022-12-17', 51, 0, 0, 7, 1, 1),
(1083, '2022-12-18', 51, 0, 0, 1, 1, 1),
(1084, '2022-12-19', 51, 0, 0, 2, 0, 2),
(1085, '2022-12-20', 51, 0, 0, 3, 0, 2),
(1086, '2022-12-21', 51, 0, 0, 4, 0, 2),
(1087, '2022-12-22', 51, 0, 0, 5, 0, 2),
(1088, '2022-12-23', 51, 0, 0, 6, 0, 2),
(1089, '2022-12-24', 52, 0, 0, 7, 1, 1),
(1090, '2022-12-25', 52, 0, 0, 1, 1, 1),
(1091, '2022-12-26', 52, 0, 0, 2, 0, 2),
(1092, '2022-12-27', 52, 0, 0, 3, 0, 2),
(1093, '2022-12-28', 52, 0, 0, 4, 0, 2),
(1094, '2022-12-29', 52, 0, 0, 5, 0, 2),
(1095, '2022-12-30', 52, 16, 1, 6, 1, 3),
(1096, '2022-12-31', 53, 20, 1, 7, 1, 3),
(1097, '2023-01-01', 1, 1, 1, 1, 1, 3),
(1098, '2023-01-02', 1, 19, 1, 2, 1, 3),
(1099, '2023-01-03', 1, 0, 0, 3, 0, 2),
(1100, '2023-01-04', 1, 0, 0, 4, 0, 2),
(1101, '2023-01-05', 1, 0, 0, 5, 0, 2),
(1102, '2023-01-06', 1, 0, 0, 6, 0, 2),
(1103, '2023-01-07', 1, 0, 0, 7, 1, 1),
(1104, '2023-01-08', 2, 0, 0, 1, 1, 1),
(1105, '2023-01-09', 2, 0, 0, 2, 0, 2),
(1106, '2023-01-10', 2, 0, 0, 3, 0, 2),
(1107, '2023-01-11', 2, 0, 0, 4, 0, 2),
(1108, '2023-01-12', 2, 0, 0, 5, 0, 2),
(1109, '2023-01-13', 2, 0, 0, 6, 0, 2),
(1110, '2023-01-14', 2, 0, 0, 7, 1, 1),
(1111, '2023-01-15', 3, 0, 0, 1, 1, 1),
(1112, '2023-01-16', 3, 0, 0, 2, 0, 2),
(1113, '2023-01-17', 3, 0, 0, 3, 0, 2),
(1114, '2023-01-18', 3, 0, 0, 4, 0, 2),
(1115, '2023-01-19', 3, 0, 0, 5, 0, 2),
(1116, '2023-01-20', 3, 0, 0, 6, 0, 2),
(1117, '2023-01-21', 3, 0, 0, 7, 1, 1),
(1118, '2023-01-22', 4, 0, 0, 1, 1, 1),
(1119, '2023-01-23', 4, 0, 0, 2, 0, 2),
(1120, '2023-01-24', 4, 0, 0, 3, 0, 2),
(1121, '2023-01-25', 4, 0, 0, 4, 0, 2),
(1122, '2023-01-26', 4, 0, 0, 5, 0, 2),
(1123, '2023-01-27', 4, 0, 0, 6, 0, 2),
(1124, '2023-01-28', 4, 0, 0, 7, 1, 1),
(1125, '2023-01-29', 5, 0, 0, 1, 1, 1),
(1126, '2023-01-30', 5, 0, 0, 2, 0, 2),
(1127, '2023-01-31', 5, 0, 0, 3, 0, 2),
(1128, '2023-02-01', 5, 0, 0, 4, 0, 2),
(1129, '2023-02-02', 5, 0, 0, 5, 0, 2),
(1130, '2023-02-03', 5, 0, 0, 6, 0, 2),
(1131, '2023-02-04', 5, 0, 0, 7, 1, 1),
(1132, '2023-02-05', 6, 0, 0, 1, 1, 1),
(1133, '2023-02-06', 6, 0, 0, 2, 0, 2),
(1134, '2023-02-07', 6, 0, 0, 3, 0, 2),
(1135, '2023-02-08', 6, 0, 0, 4, 0, 2),
(1136, '2023-02-09', 6, 0, 0, 5, 0, 2),
(1137, '2023-02-10', 6, 0, 0, 6, 0, 2),
(1138, '2023-02-11', 6, 0, 0, 7, 1, 1),
(1139, '2023-02-12', 7, 0, 0, 1, 1, 1),
(1140, '2023-02-13', 7, 0, 0, 2, 0, 2),
(1141, '2023-02-14', 7, 0, 0, 3, 0, 2),
(1142, '2023-02-15', 7, 0, 0, 4, 0, 2),
(1143, '2023-02-16', 7, 0, 0, 5, 0, 2),
(1144, '2023-02-17', 7, 0, 0, 6, 0, 2),
(1145, '2023-02-18', 7, 0, 0, 7, 1, 1),
(1146, '2023-02-19', 8, 0, 0, 1, 1, 1),
(1147, '2023-02-20', 8, 0, 0, 2, 0, 2),
(1148, '2023-02-21', 8, 0, 0, 3, 0, 2),
(1149, '2023-02-22', 8, 0, 0, 4, 0, 2),
(1150, '2023-02-23', 8, 0, 0, 5, 0, 2),
(1151, '2023-02-24', 8, 0, 0, 6, 0, 2),
(1152, '2023-02-25', 8, 0, 0, 7, 1, 1),
(1153, '2023-02-26', 9, 0, 0, 1, 1, 1),
(1154, '2023-02-27', 9, 0, 0, 2, 0, 2),
(1155, '2023-02-28', 9, 0, 0, 3, 0, 2),
(1156, '2023-03-01', 9, 0, 0, 4, 0, 2),
(1157, '2023-03-02', 9, 0, 0, 5, 0, 2),
(1158, '2023-03-03', 9, 0, 0, 6, 0, 2),
(1159, '2023-03-04', 9, 0, 1, 7, 1, 1),
(1160, '2023-03-05', 10, 0, 1, 1, 1, 1),
(1161, '2023-03-06', 10, 2, 1, 2, 1, 3),
(1162, '2023-03-07', 10, 0, 0, 3, 0, 2),
(1163, '2023-03-08', 10, 0, 0, 4, 0, 2),
(1164, '2023-03-09', 10, 0, 0, 5, 0, 2),
(1165, '2023-03-10', 10, 0, 0, 6, 0, 2),
(1166, '2023-03-11', 10, 0, 0, 7, 1, 1),
(1167, '2023-03-12', 11, 0, 0, 1, 1, 1),
(1168, '2023-03-13', 11, 0, 0, 2, 0, 2),
(1169, '2023-03-14', 11, 0, 0, 3, 0, 2),
(1170, '2023-03-15', 11, 0, 0, 4, 0, 2),
(1171, '2023-03-16', 11, 0, 0, 5, 0, 2),
(1172, '2023-03-17', 11, 0, 0, 6, 0, 2),
(1173, '2023-03-18', 11, 0, 0, 7, 1, 1),
(1174, '2023-03-19', 12, 0, 0, 1, 1, 1),
(1175, '2023-03-20', 12, 0, 0, 2, 0, 2),
(1176, '2023-03-21', 12, 0, 0, 3, 0, 2),
(1177, '2023-03-22', 12, 0, 0, 4, 0, 2),
(1178, '2023-03-23', 12, 0, 0, 5, 0, 2),
(1179, '2023-03-24', 12, 0, 0, 6, 0, 2),
(1180, '2023-03-25', 12, 0, 0, 7, 1, 1),
(1181, '2023-03-26', 13, 0, 0, 1, 1, 1),
(1182, '2023-03-27', 13, 0, 0, 2, 0, 2),
(1183, '2023-03-28', 13, 0, 0, 3, 0, 2),
(1184, '2023-03-29', 13, 0, 0, 4, 0, 2),
(1185, '2023-03-30', 13, 0, 0, 5, 0, 2),
(1186, '2023-03-31', 13, 0, 0, 6, 0, 2),
(1187, '2023-04-01', 13, 0, 0, 7, 1, 1),
(1188, '2023-04-02', 14, 0, 0, 1, 1, 1),
(1189, '2023-04-03', 14, 0, 0, 2, 0, 2),
(1190, '2023-04-04', 14, 0, 0, 3, 0, 2),
(1191, '2023-04-05', 14, 0, 0, 4, 0, 2),
(1192, '2023-04-06', 14, 3, 0, 5, 1, 3),
(1193, '2023-04-07', 14, 0, 0, 6, 0, 2),
(1194, '2023-04-08', 14, 0, 0, 7, 1, 1),
(1195, '2023-04-09', 15, 0, 0, 1, 1, 1),
(1196, '2023-04-10', 15, 0, 0, 2, 0, 2),
(1197, '2023-04-11', 15, 0, 0, 3, 0, 2),
(1198, '2023-04-12', 15, 0, 0, 4, 0, 2),
(1199, '2023-04-13', 15, 11, 1, 5, 1, 3),
(1200, '2023-04-14', 15, 11, 1, 6, 1, 3),
(1201, '2023-04-15', 15, 11, 1, 7, 1, 3),
(1202, '2023-04-16', 16, 0, 1, 1, 1, 1),
(1203, '2023-04-17', 16, 19, 0, 2, 1, 3),
(1204, '2023-04-18', 16, 0, 0, 3, 0, 2),
(1205, '2023-04-19', 16, 0, 0, 4, 0, 2),
(1206, '2023-04-20', 16, 0, 0, 5, 0, 2),
(1207, '2023-04-21', 16, 0, 0, 6, 0, 2),
(1208, '2023-04-22', 16, 0, 0, 7, 1, 1),
(1209, '2023-04-23', 17, 0, 0, 1, 1, 1),
(1210, '2023-04-24', 17, 0, 0, 2, 0, 2),
(1211, '2023-04-25', 17, 0, 0, 3, 0, 2),
(1212, '2023-04-26', 17, 0, 0, 4, 0, 2),
(1213, '2023-04-27', 17, 0, 0, 5, 0, 2),
(1214, '2023-04-28', 17, 0, 0, 6, 0, 2),
(1215, '2023-04-29', 17, 0, 1, 7, 1, 1),
(1216, '2023-04-30', 18, 0, 1, 1, 1, 1),
(1217, '2023-05-01', 18, 4, 1, 2, 1, 3),
(1218, '2023-05-02', 18, 0, 0, 3, 0, 2),
(1219, '2023-05-03', 18, 0, 0, 4, 0, 2),
(1220, '2023-05-04', 18, 5, 0, 5, 1, 3),
(1221, '2023-05-05', 18, 16, 0, 6, 1, 3),
(1222, '2023-05-06', 18, 0, 0, 7, 1, 1),
(1223, '2023-05-07', 19, 0, 0, 1, 1, 1),
(1224, '2023-05-08', 19, 0, 0, 2, 0, 2),
(1225, '2023-05-09', 19, 0, 0, 3, 0, 2),
(1226, '2023-05-10', 19, 0, 0, 4, 0, 2),
(1227, '2023-05-11', 19, 0, 0, 5, 0, 2),
(1228, '2023-05-12', 19, 0, 0, 6, 0, 2),
(1229, '2023-05-13', 19, 0, 0, 7, 1, 1),
(1230, '2023-05-14', 20, 0, 0, 1, 1, 1),
(1231, '2023-05-15', 20, 0, 0, 2, 0, 2),
(1232, '2023-05-16', 20, 0, 0, 3, 0, 2),
(1233, '2023-05-17', 20, 7, 0, 4, 1, 3),
(1234, '2023-05-18', 20, 0, 0, 5, 0, 2),
(1235, '2023-05-19', 20, 0, 0, 6, 0, 2),
(1236, '2023-05-20', 20, 0, 0, 7, 1, 1),
(1237, '2023-05-21', 21, 0, 0, 1, 1, 1),
(1238, '2023-05-22', 21, 0, 0, 2, 0, 2),
(1239, '2023-05-23', 21, 0, 0, 3, 0, 2),
(1240, '2023-05-24', 21, 0, 0, 4, 0, 2),
(1241, '2023-05-25', 21, 0, 0, 5, 0, 2),
(1242, '2023-05-26', 21, 0, 0, 6, 0, 2),
(1243, '2023-05-27', 21, 0, 0, 7, 1, 1),
(1244, '2023-05-28', 22, 0, 0, 1, 1, 1),
(1245, '2023-05-29', 22, 0, 0, 2, 0, 2),
(1246, '2023-05-30', 22, 0, 0, 3, 0, 2),
(1247, '2023-05-31', 22, 0, 0, 4, 0, 2),
(1248, '2023-06-01', 22, 0, 0, 5, 0, 2),
(1249, '2023-06-02', 22, 0, 0, 6, 0, 2),
(1250, '2023-06-03', 22, 8, 1, 7, 1, 3),
(1251, '2023-06-04', 23, 0, 1, 1, 1, 1),
(1252, '2023-06-05', 23, 6, 1, 2, 1, 3),
(1253, '2023-06-06', 23, 0, 0, 3, 0, 2),
(1254, '2023-06-07', 23, 0, 0, 4, 0, 2),
(1255, '2023-06-08', 23, 0, 0, 5, 0, 2),
(1256, '2023-06-09', 23, 0, 0, 6, 0, 2),
(1257, '2023-06-10', 23, 0, 0, 7, 1, 1),
(1258, '2023-06-11', 24, 0, 0, 1, 1, 1),
(1259, '2023-06-12', 24, 0, 0, 2, 0, 2),
(1260, '2023-06-13', 24, 0, 0, 3, 0, 2),
(1261, '2023-06-14', 24, 0, 0, 4, 0, 2),
(1262, '2023-06-15', 24, 0, 0, 5, 0, 2),
(1263, '2023-06-16', 24, 0, 0, 6, 0, 2),
(1264, '2023-06-17', 24, 0, 0, 7, 1, 1),
(1265, '2023-06-18', 25, 0, 0, 1, 1, 1),
(1266, '2023-06-19', 25, 0, 0, 2, 0, 2),
(1267, '2023-06-20', 25, 0, 0, 3, 0, 2),
(1268, '2023-06-21', 25, 0, 0, 4, 0, 2),
(1269, '2023-06-22', 25, 0, 0, 5, 0, 2),
(1270, '2023-06-23', 25, 0, 0, 6, 0, 2),
(1271, '2023-06-24', 25, 0, 0, 7, 1, 1),
(1272, '2023-06-25', 26, 0, 0, 1, 1, 1),
(1273, '2023-06-26', 26, 0, 0, 2, 0, 2),
(1274, '2023-06-27', 26, 0, 0, 3, 0, 2),
(1275, '2023-06-28', 26, 0, 0, 4, 0, 2),
(1276, '2023-06-29', 26, 0, 0, 5, 0, 2),
(1277, '2023-06-30', 26, 0, 0, 6, 0, 2),
(1278, '2023-07-01', 26, 0, 0, 7, 1, 1),
(1279, '2023-07-02', 27, 0, 0, 1, 1, 1),
(1280, '2023-07-03', 27, 0, 0, 2, 0, 2),
(1281, '2023-07-04', 27, 0, 0, 3, 0, 2),
(1282, '2023-07-05', 27, 0, 0, 4, 0, 2),
(1283, '2023-07-06', 27, 0, 0, 5, 0, 2),
(1284, '2023-07-07', 27, 0, 0, 6, 0, 2),
(1285, '2023-07-08', 27, 0, 0, 7, 1, 1),
(1286, '2023-07-09', 28, 0, 0, 1, 1, 1),
(1287, '2023-07-10', 28, 0, 0, 2, 0, 2),
(1288, '2023-07-11', 28, 0, 0, 3, 0, 2),
(1289, '2023-07-12', 28, 0, 0, 4, 0, 2),
(1290, '2023-07-13', 28, 0, 0, 5, 0, 2),
(1291, '2023-07-14', 28, 0, 0, 6, 0, 2),
(1292, '2023-07-15', 28, 0, 0, 7, 1, 1),
(1293, '2023-07-16', 29, 0, 0, 1, 1, 1),
(1294, '2023-07-17', 29, 0, 0, 2, 0, 2),
(1295, '2023-07-18', 29, 0, 0, 3, 0, 2),
(1296, '2023-07-19', 29, 0, 0, 4, 0, 2),
(1297, '2023-07-20', 29, 0, 0, 5, 0, 2),
(1298, '2023-07-21', 29, 0, 0, 6, 0, 2),
(1299, '2023-07-22', 29, 0, 0, 7, 1, 1),
(1300, '2023-07-23', 30, 0, 0, 1, 1, 1),
(1301, '2023-07-24', 30, 0, 0, 2, 0, 2),
(1302, '2023-07-25', 30, 0, 0, 3, 0, 2),
(1303, '2023-07-26', 30, 0, 0, 4, 0, 2),
(1304, '2023-07-27', 30, 0, 0, 5, 0, 2),
(1305, '2023-07-28', 30, 12, 1, 6, 1, 3),
(1306, '2023-07-29', 30, 0, 1, 7, 1, 1),
(1307, '2023-07-30', 31, 0, 1, 1, 1, 1),
(1308, '2023-07-31', 31, 16, 0, 2, 1, 3),
(1309, '2023-08-01', 31, 9, 1, 3, 1, 3),
(1310, '2023-08-02', 31, 10, 1, 4, 1, 3),
(1311, '2023-08-03', 31, 0, 0, 5, 0, 2),
(1312, '2023-08-04', 31, 0, 0, 6, 0, 2);
INSERT INTO `date` (`idDate`, `date`, `idNoWeek`, `idName`, `idCheckCon`, `idDay`, `idCheckRest`, `idType`) VALUES
(1313, '2023-08-05', 31, 0, 0, 7, 1, 1),
(1314, '2023-08-06', 32, 0, 0, 1, 1, 1),
(1315, '2023-08-07', 32, 0, 0, 2, 0, 2),
(1316, '2023-08-08', 32, 0, 0, 3, 0, 2),
(1317, '2023-08-09', 32, 0, 0, 4, 0, 2),
(1318, '2023-08-10', 32, 0, 0, 5, 0, 2),
(1319, '2023-08-11', 32, 0, 0, 6, 0, 2),
(1320, '2023-08-12', 32, 13, 1, 7, 1, 3),
(1321, '2023-08-13', 33, 0, 1, 1, 1, 1),
(1322, '2023-08-14', 33, 19, 1, 2, 1, 3),
(1323, '2023-08-15', 33, 0, 0, 3, 0, 2),
(1324, '2023-08-16', 33, 0, 0, 4, 0, 2),
(1325, '2023-08-17', 33, 0, 0, 5, 0, 2),
(1326, '2023-08-18', 33, 0, 0, 6, 0, 2),
(1327, '2023-08-19', 33, 0, 0, 7, 1, 1),
(1328, '2023-08-20', 34, 0, 0, 1, 1, 1),
(1329, '2023-08-21', 34, 0, 0, 2, 0, 2),
(1330, '2023-08-22', 34, 0, 0, 3, 0, 2),
(1331, '2023-08-23', 34, 0, 0, 4, 0, 2),
(1332, '2023-08-24', 34, 0, 0, 5, 0, 2),
(1333, '2023-08-25', 34, 0, 0, 6, 0, 2),
(1334, '2023-08-26', 34, 0, 0, 7, 1, 1),
(1335, '2023-08-27', 35, 0, 0, 1, 1, 1),
(1336, '2023-08-28', 35, 0, 0, 2, 0, 2),
(1337, '2023-08-29', 35, 0, 0, 3, 0, 2),
(1338, '2023-08-30', 35, 0, 0, 4, 0, 2),
(1339, '2023-08-31', 35, 0, 0, 5, 0, 2),
(1340, '2023-09-01', 35, 0, 0, 6, 0, 2),
(1341, '2023-09-02', 35, 0, 0, 7, 1, 1),
(1342, '2023-09-03', 36, 0, 0, 1, 1, 1),
(1343, '2023-09-04', 36, 0, 0, 2, 0, 2),
(1344, '2023-09-05', 36, 0, 0, 3, 0, 2),
(1345, '2023-09-06', 36, 0, 0, 4, 0, 2),
(1346, '2023-09-07', 36, 0, 0, 5, 0, 2),
(1347, '2023-09-08', 36, 0, 0, 6, 0, 2),
(1348, '2023-09-09', 36, 0, 0, 7, 1, 1),
(1349, '2023-09-10', 37, 0, 0, 1, 1, 1),
(1350, '2023-09-11', 37, 0, 0, 2, 0, 2),
(1351, '2023-09-12', 37, 0, 0, 3, 0, 2),
(1352, '2023-09-13', 37, 0, 0, 4, 0, 2),
(1353, '2023-09-14', 37, 0, 0, 5, 0, 2),
(1354, '2023-09-15', 37, 0, 0, 6, 0, 2),
(1355, '2023-09-16', 37, 0, 0, 7, 1, 1),
(1356, '2023-09-17', 38, 0, 0, 1, 1, 1),
(1357, '2023-09-18', 38, 0, 0, 2, 0, 2),
(1358, '2023-09-19', 38, 0, 0, 3, 0, 2),
(1359, '2023-09-20', 38, 0, 0, 4, 0, 2),
(1360, '2023-09-21', 38, 0, 0, 5, 0, 2),
(1361, '2023-09-22', 38, 0, 0, 6, 0, 2),
(1362, '2023-09-23', 38, 0, 0, 7, 1, 1),
(1363, '2023-09-24', 39, 0, 0, 1, 1, 1),
(1364, '2023-09-25', 39, 0, 0, 2, 0, 2),
(1365, '2023-09-26', 39, 0, 0, 3, 0, 2),
(1366, '2023-09-27', 39, 0, 0, 4, 0, 2),
(1367, '2023-09-28', 39, 0, 0, 5, 0, 2),
(1368, '2023-09-29', 39, 0, 0, 6, 0, 2),
(1369, '2023-09-30', 39, 0, 0, 7, 1, 1),
(1370, '2023-10-01', 40, 0, 0, 1, 1, 1),
(1371, '2023-10-02', 40, 0, 0, 2, 0, 2),
(1372, '2023-10-03', 40, 0, 0, 3, 0, 2),
(1373, '2023-10-04', 40, 0, 0, 4, 0, 2),
(1374, '2023-10-05', 40, 0, 0, 5, 0, 2),
(1375, '2023-10-06', 40, 0, 0, 6, 0, 2),
(1376, '2023-10-07', 40, 0, 0, 7, 1, 1),
(1377, '2023-10-08', 41, 0, 0, 1, 1, 1),
(1378, '2023-10-09', 41, 0, 0, 2, 0, 2),
(1379, '2023-10-10', 41, 0, 0, 3, 0, 2),
(1380, '2023-10-11', 41, 0, 0, 4, 0, 2),
(1381, '2023-10-12', 41, 0, 0, 5, 0, 2),
(1382, '2023-10-13', 41, 14, 1, 6, 1, 3),
(1383, '2023-10-14', 41, 0, 1, 7, 1, 1),
(1384, '2023-10-15', 42, 0, 1, 1, 1, 1),
(1385, '2023-10-16', 42, 0, 0, 2, 0, 2),
(1386, '2023-10-17', 42, 0, 0, 3, 0, 2),
(1387, '2023-10-18', 42, 0, 0, 4, 0, 2),
(1388, '2023-10-19', 42, 0, 0, 5, 0, 2),
(1389, '2023-10-20', 42, 0, 0, 6, 0, 2),
(1390, '2023-10-21', 42, 0, 1, 7, 1, 1),
(1391, '2023-10-22', 43, 0, 1, 1, 1, 1),
(1392, '2023-10-23', 43, 15, 1, 2, 1, 3),
(1393, '2023-10-24', 43, 0, 0, 3, 0, 2),
(1394, '2023-10-25', 43, 0, 0, 4, 0, 2),
(1395, '2023-10-26', 43, 0, 0, 5, 0, 2),
(1396, '2023-10-27', 43, 0, 0, 6, 0, 2),
(1397, '2023-10-28', 43, 0, 0, 7, 1, 1),
(1398, '2023-10-29', 44, 0, 0, 1, 1, 1),
(1399, '2023-10-30', 44, 0, 0, 2, 0, 2),
(1400, '2023-10-31', 44, 0, 0, 3, 0, 2),
(1401, '2023-11-01', 44, 0, 0, 4, 0, 2),
(1402, '2023-11-02', 44, 0, 0, 5, 0, 2),
(1403, '2023-11-03', 44, 0, 0, 6, 0, 2),
(1404, '2023-11-04', 44, 0, 0, 7, 1, 1),
(1405, '2023-11-05', 45, 0, 0, 1, 1, 1),
(1406, '2023-11-06', 45, 0, 0, 2, 0, 2),
(1407, '2023-11-07', 45, 0, 0, 3, 0, 2),
(1408, '2023-11-08', 45, 0, 0, 4, 0, 2),
(1409, '2023-11-09', 45, 0, 0, 5, 0, 2),
(1410, '2023-11-10', 45, 0, 0, 6, 0, 2),
(1411, '2023-11-11', 45, 0, 0, 7, 1, 1),
(1412, '2023-11-12', 46, 0, 0, 1, 1, 1),
(1413, '2023-11-13', 46, 0, 0, 2, 0, 2),
(1414, '2023-11-14', 46, 0, 0, 3, 0, 2),
(1415, '2023-11-15', 46, 0, 0, 4, 0, 2),
(1416, '2023-11-16', 46, 0, 0, 5, 0, 2),
(1417, '2023-11-17', 46, 0, 0, 6, 0, 2),
(1418, '2023-11-18', 46, 0, 0, 7, 1, 1),
(1419, '2023-11-19', 47, 0, 0, 1, 1, 1),
(1420, '2023-11-20', 47, 0, 0, 2, 0, 2),
(1421, '2023-11-21', 47, 0, 0, 3, 0, 2),
(1422, '2023-11-22', 47, 0, 0, 4, 0, 2),
(1423, '2023-11-23', 47, 0, 0, 5, 0, 2),
(1424, '2023-11-24', 47, 0, 0, 6, 0, 2),
(1425, '2023-11-25', 47, 0, 0, 7, 1, 1),
(1426, '2023-11-26', 48, 0, 0, 1, 1, 1),
(1427, '2023-11-27', 48, 0, 0, 2, 0, 2),
(1428, '2023-11-28', 48, 0, 0, 3, 0, 2),
(1429, '2023-11-29', 48, 0, 0, 4, 0, 2),
(1430, '2023-11-30', 48, 0, 0, 5, 0, 2),
(1431, '2023-12-01', 48, 0, 0, 6, 0, 2),
(1432, '2023-12-02', 48, 0, 0, 7, 1, 1),
(1433, '2023-12-03', 49, 0, 0, 1, 1, 1),
(1434, '2023-12-04', 49, 0, 0, 2, 0, 2),
(1435, '2023-12-05', 49, 17, 0, 3, 1, 3),
(1436, '2023-12-06', 49, 0, 0, 4, 0, 2),
(1437, '2023-12-07', 49, 0, 0, 5, 0, 2),
(1438, '2023-12-08', 49, 0, 0, 6, 0, 2),
(1439, '2023-12-09', 49, 0, 1, 7, 1, 1),
(1440, '2023-12-10', 50, 18, 1, 1, 1, 3),
(1441, '2023-12-11', 50, 19, 1, 2, 1, 3),
(1442, '2023-12-12', 50, 0, 0, 3, 0, 2),
(1443, '2023-12-13', 50, 0, 0, 4, 0, 2),
(1444, '2023-12-14', 50, 0, 0, 5, 0, 2),
(1445, '2023-12-15', 50, 0, 0, 6, 0, 2),
(1446, '2023-12-16', 50, 0, 0, 7, 1, 1),
(1447, '2023-12-17', 51, 0, 0, 1, 1, 1),
(1448, '2023-12-18', 51, 0, 0, 2, 0, 2),
(1449, '2023-12-19', 51, 0, 0, 3, 0, 2),
(1450, '2023-12-20', 51, 0, 0, 4, 0, 2),
(1451, '2023-12-21', 51, 0, 0, 5, 0, 2),
(1452, '2023-12-22', 51, 0, 0, 6, 0, 2),
(1453, '2023-12-23', 51, 0, 0, 7, 1, 1),
(1454, '2023-12-24', 52, 0, 0, 1, 1, 1),
(1455, '2023-12-25', 52, 0, 0, 2, 0, 2),
(1456, '2023-12-26', 52, 0, 0, 3, 0, 2),
(1457, '2023-12-27', 52, 0, 0, 4, 0, 2),
(1458, '2023-12-28', 52, 0, 0, 5, 0, 2),
(1459, '2023-12-29', 52, 16, 0, 6, 1, 3),
(1460, '2023-12-30', 52, 0, 0, 7, 1, 1),
(1461, '2023-12-31', 53, 20, 0, 1, 1, 3);

-- --------------------------------------------------------

--
-- Table structure for table `dayofweek`
--

CREATE TABLE `dayofweek` (
  `idDay` int(11) NOT NULL,
  `nameDay` varchar(255) COLLATE utf8_unicode_ci NOT NULL
) ENGINE=InnoDB DEFAULT CHARSET=utf8 COLLATE=utf8_unicode_ci;

--
-- Dumping data for table `dayofweek`
--

INSERT INTO `dayofweek` (`idDay`, `nameDay`) VALUES
(1, 'Sunday'),
(2, 'Monday'),
(3, 'Tuesday'),
(4, 'Wednesday'),
(5, 'Thursday'),
(6, 'Friday'),
(7, 'Saturday');

-- --------------------------------------------------------

--
-- Table structure for table `nameof`
--

CREATE TABLE `nameof` (
  `idName` int(11) NOT NULL,
  `nameOf` varchar(255) COLLATE utf8_unicode_ci NOT NULL
) ENGINE=InnoDB DEFAULT CHARSET=utf8 COLLATE=utf8_unicode_ci;

--
-- Dumping data for table `nameof`
--

INSERT INTO `nameof` (`idName`, `nameOf`) VALUES
(0, 'Normal Day'),
(1, 'New Year\'s Day'),
(2, 'Makha Bucha Day'),
(3, 'Chakri Memorial Day'),
(4, 'Labour Day'),
(5, 'Coronation Day'),
(6, 'Vesak Day'),
(7, 'Royal Ploughing Ceremony'),
(8, 'H.M. The Queen Suthida\'s Birthday'),
(9, 'Asalha Puja Day'),
(10, 'Buddhist Lent Day'),
(11, 'Songkran Festival'),
(12, 'H.M.King Maha Vajiralongkorn\'s Birthday'),
(13, 'Mother\'s Day'),
(14, 'H.M. King Bhumibol Adulyadej Memorial Day'),
(15, 'Chulalongkorn Day'),
(16, 'Special Holidays'),
(17, 'Father\'s Day'),
(18, 'Constitution Day'),
(19, 'Compensatory Holiday'),
(20, 'New Year\'s Eve'),
(21, 'The End of Buddhist Lent Day');

-- --------------------------------------------------------

--
-- Table structure for table `noweek`
--

CREATE TABLE `noweek` (
  `idNoWeek` int(11) NOT NULL,
  `numWeek` int(11) NOT NULL
) ENGINE=InnoDB DEFAULT CHARSET=utf8 COLLATE=utf8_unicode_ci;

--
-- Dumping data for table `noweek`
--

INSERT INTO `noweek` (`idNoWeek`, `numWeek`) VALUES
(1, 1),
(2, 2),
(3, 3),
(4, 4),
(5, 5),
(6, 6),
(7, 7),
(8, 8),
(9, 9),
(10, 10),
(11, 11),
(12, 12),
(13, 13),
(14, 14),
(15, 15),
(16, 16),
(17, 17),
(18, 18),
(19, 19),
(20, 20),
(21, 21),
(22, 22),
(23, 23),
(24, 24),
(25, 25),
(26, 26),
(27, 27),
(28, 28),
(29, 29),
(30, 30),
(31, 31),
(32, 32),
(33, 33),
(34, 34),
(35, 35),
(36, 36),
(37, 37),
(38, 38),
(39, 39),
(40, 40),
(41, 41),
(42, 42),
(43, 43),
(44, 44),
(45, 45),
(46, 46),
(47, 47),
(48, 48),
(49, 49),
(50, 50),
(51, 51),
(52, 52),
(53, 53);

-- --------------------------------------------------------

--
-- Table structure for table `typerest`
--

CREATE TABLE `typerest` (
  `idType` int(11) NOT NULL,
  `nameType` varchar(255) COLLATE utf8_unicode_ci NOT NULL
) ENGINE=InnoDB DEFAULT CHARSET=utf8 COLLATE=utf8_unicode_ci;

--
-- Dumping data for table `typerest`
--

INSERT INTO `typerest` (`idType`, `nameType`) VALUES
(1, 'weekEnd'),
(2, 'weekDay'),
(3, 'Spacial');

--
-- Indexes for dumped tables
--

--
-- Indexes for table `checkcon`
--
ALTER TABLE `checkcon`
  ADD PRIMARY KEY (`idCheckCon`);

--
-- Indexes for table `checkrest`
--
ALTER TABLE `checkrest`
  ADD PRIMARY KEY (`idCheckRest`);

--
-- Indexes for table `date`
--
ALTER TABLE `date`
  ADD PRIMARY KEY (`idDate`),
  ADD KEY `id_week` (`idNoWeek`),
  ADD KEY `idName` (`idName`),
  ADD KEY `idCon` (`idCheckCon`),
  ADD KEY `idDay` (`idDay`),
  ADD KEY `idCheckRest` (`idCheckRest`),
  ADD KEY `idType` (`idType`);

--
-- Indexes for table `dayofweek`
--
ALTER TABLE `dayofweek`
  ADD PRIMARY KEY (`idDay`);

--
-- Indexes for table `nameof`
--
ALTER TABLE `nameof`
  ADD PRIMARY KEY (`idName`);

--
-- Indexes for table `noweek`
--
ALTER TABLE `noweek`
  ADD PRIMARY KEY (`idNoWeek`);

--
-- Indexes for table `typerest`
--
ALTER TABLE `typerest`
  ADD PRIMARY KEY (`idType`);

--
-- AUTO_INCREMENT for dumped tables
--

--
-- AUTO_INCREMENT for table `checkcon`
--
ALTER TABLE `checkcon`
  MODIFY `idCheckCon` int(11) NOT NULL AUTO_INCREMENT, AUTO_INCREMENT=3;

--
-- AUTO_INCREMENT for table `checkrest`
--
ALTER TABLE `checkrest`
  MODIFY `idCheckRest` int(11) NOT NULL AUTO_INCREMENT, AUTO_INCREMENT=3;

--
-- AUTO_INCREMENT for table `date`
--
ALTER TABLE `date`
  MODIFY `idDate` int(11) NOT NULL AUTO_INCREMENT, AUTO_INCREMENT=1522;

--
-- AUTO_INCREMENT for table `dayofweek`
--
ALTER TABLE `dayofweek`
  MODIFY `idDay` int(11) NOT NULL AUTO_INCREMENT, AUTO_INCREMENT=8;

--
-- AUTO_INCREMENT for table `nameof`
--
ALTER TABLE `nameof`
  MODIFY `idName` int(11) NOT NULL AUTO_INCREMENT, AUTO_INCREMENT=23;

--
-- AUTO_INCREMENT for table `noweek`
--
ALTER TABLE `noweek`
  MODIFY `idNoWeek` int(11) NOT NULL AUTO_INCREMENT, AUTO_INCREMENT=54;

--
-- AUTO_INCREMENT for table `typerest`
--
ALTER TABLE `typerest`
  MODIFY `idType` int(11) NOT NULL AUTO_INCREMENT, AUTO_INCREMENT=4;

--
-- Constraints for dumped tables
--

--
-- Constraints for table `date`
--
ALTER TABLE `date`
  ADD CONSTRAINT `Date_ibfk_1` FOREIGN KEY (`idNoWeek`) REFERENCES `noweek` (`idNoWeek`) ON DELETE CASCADE ON UPDATE CASCADE,
  ADD CONSTRAINT `Date_ibfk_2` FOREIGN KEY (`idName`) REFERENCES `nameof` (`idName`) ON DELETE CASCADE ON UPDATE CASCADE,
  ADD CONSTRAINT `Date_ibfk_3` FOREIGN KEY (`idCheckCon`) REFERENCES `checkcon` (`idCheckCon`) ON DELETE CASCADE ON UPDATE CASCADE,
  ADD CONSTRAINT `Date_ibfk_4` FOREIGN KEY (`idDay`) REFERENCES `dayofweek` (`idDay`) ON DELETE CASCADE ON UPDATE CASCADE,
  ADD CONSTRAINT `Date_ibfk_5` FOREIGN KEY (`idCheckRest`) REFERENCES `checkrest` (`idCheckRest`) ON DELETE CASCADE ON UPDATE CASCADE,
  ADD CONSTRAINT `Date_ibfk_6` FOREIGN KEY (`idType`) REFERENCES `typerest` (`idType`) ON DELETE CASCADE ON UPDATE CASCADE;
COMMIT;

/*!40101 SET CHARACTER_SET_CLIENT=@OLD_CHARACTER_SET_CLIENT */;
/*!40101 SET CHARACTER_SET_RESULTS=@OLD_CHARACTER_SET_RESULTS */;
/*!40101 SET COLLATION_CONNECTION=@OLD_COLLATION_CONNECTION */;
